titulo,url,descricao,data_publicacao,img,fonte,positivo,negativo,neutro
Agenda do dia: Caged; IGP-M de março; Relatório da Dívida Pública,https://valor.globo.com/financas/noticia/2024/03/27/agenda-do-dia-caged-igp-m-de-marco-relatorio-da-divida-publica.ghtml,        Confira o que você precisa saber e acompanhar nest...  ,2024-03-27 10:55:46+00:00,https://s2-valor.glbimg.com/vyrdReMDey9coJzjWp3uzWaH3Es=/i.s3.glbimg.com/v1/AUTH_63b422c2caee4269b8b34177e8876b93/internal_photos/bs/2023/z/O/zFHDnmRAK9CfvissJj9w/carteira-de-trabalho-digital-mcamgo-abr-240620211818-2.jpg,Valor,0.061308533,0.12714171,0.8115497
O ‘PL Dani Cunha’: novo texto para a Lei de Falências ameaça garantias e mercado de crédito,https://braziljournal.com/tag/risco-politico/,,,,Brazil Journal,0.061308533,0.12714171,0.8115497
IBGE discute a produção de informações para transformar a realidade dos países do G20,http://agenciadenoticias.ibge.gov.br/agencia-noticias/2012-agencia-de-noticias/noticias/39565-ibge-discute-a-producao-de-informacoes-para-transformar-a-realidade-dos-paises-do-g20.html,"Casa de Cultura Laura Alvim, Embaixada do G-20, sediou o Encontro de Marcio Pochmann com  correspondentes estrangeiros - Foto: Márcio Costa/Agência IBGE Notícias Em encontro com jornalistas estrangeiros que produzem notícias sobre o Brasil, realizado na...",2024-03-26 16:10:00,,IBGE,0.061308533,0.12714171,0.8115497
"IGP-M tem deflação de 0,47% em março, puxada por preços ao produtor, diz FGV",https://www.infomoney.com.br/economia/igp-m-tem-deflacao-de-047-em-marco-puxada-por-precos-ao-produtor-diz-fgv/,"A deflação em fevereiro foi mais intensa que a esperada pelo consenso LSEG de analistas, que previa queda de -0,22%; queda no acumulado no ano chega a -0,91% e, em 12 meses, está em -4,26%
The post <a href=""https://www.infomoney.com.br/economia/igp-m-tem-deflacao-de-047-em-marco-puxada-por-precos-ao-produtor-diz-fgv/"">IGP-M tem deflação de 0,47% em março, puxada por preços ao produtor, diz FGV</a> appeared first on <a href=""https://www.infomoney.com.br"">InfoMoney</a>.
",2024-03-27 11:05:53+00:00,https://www.infomoney.com.br/wp-content/uploads/2019/06/vale-mina-gongo-soco.jpg?fit=300%2C225&amp;quality=70&amp;strip=all,InfoMoney,0.061308533,0.12714171,0.8115497
"Bradespar tem lucro líquido de R$ 524 milhões no 4º tri, queda de 30%",https://valor.globo.com/empresas/noticia/2024/03/27/bradespar-tem-lucro-liquido-de-r-524-milhoes-no-4o-tri-queda-de-30percent.ghtml,"        Resultado operacional da empresa, que detém partic...  ",2024-03-27 10:51:29+00:00,https://s2-valor.glbimg.com/OnErTsLKu_p36KluXMqFhXFhjHQ=/i.s3.glbimg.com/v1/AUTH_63b422c2caee4269b8b34177e8876b93/internal_photos/bs/2023/L/h/8NSgPJThGicNcSeJJ8YA/calculator-2620140-1280.jpg,Valor,0.89985144,0.060722403,0.039426174
McDonuts? Parceria com McDonald’s valoriza Krispy Kreme em 40%,https://braziljournal.com/tag/varejo-e-consumo/,,,,Brazil Journal,0.89985144,0.060722403,0.039426174
"IPCA-15 é de 0,36% em março",http://agenciadenoticias.ibge.gov.br/agencia-sala-de-imprensa/2013-agencia-de-noticias/releases/39552-ipca-15-e-de-0-36-em-marco.html,"O Índice Nacional de Preços ao Consumidor Amplo 15 (IPCA-15) foi de 0,36% em março e ficou 0,42 ponto percentual (p.p.) abaixo da taxa de fevereiro (0,78%). Período Taxa Março de 2024 0,36% Fevereiro de 2024 0,78% Março de 2023 0,69% Acumulado do ano...",2024-03-26 09:00:00,,IBGE,0.89985144,0.060722403,0.039426174
"Ibovespa Ao Vivo: Confira o que movimenta Bolsa, Dólar e Juros nesta quarta",https://www.infomoney.com.br/mercados/ibovespa-hoje-bolsa-de-valores-ao-vivo-28032024/,"IGP-M, Haddad, Caged e mais assuntos que vão movimentar o mercado hoje
The post <a href=""https://www.infomoney.com.br/mercados/ibovespa-hoje-bolsa-de-valores-ao-vivo-28032024/"">Ibovespa Ao Vivo: Confira o que movimenta Bolsa, Dólar e Juros nesta quarta</a> appeared first on <a href=""https://www.infomoney.com.br"">InfoMoney</a>.
",2024-03-27 11:00:00+00:00,https://www.infomoney.com.br/wp-content/uploads/2022/07/estavel5.jpg?fit=300%2C169&amp;quality=70&amp;strip=all,InfoMoney,0.89985144,0.060722403,0.039426174
"Japão tentará novamente desenvolver avião comercial, de olho no hidrogênio",https://valor.globo.com/mundo/noticia/2024/03/27/japo-tentar-novamente-desenvolver-avio-comercial-de-olho-no-hidrognio.ghtml,        Setores público e privado investirão juntos cerca...  ,2024-03-27 10:38:40+00:00,https://s2-valor.glbimg.com/Yy-qfyfL3nSBz5ksMQOYWfEmShI=/i.s3.glbimg.com/v1/AUTH_63b422c2caee4269b8b34177e8876b93/internal_photos/bs/2023/Y/b/iTZV6TTdAqCkqi9jEwtQ/a16ftv10-6.jpg,Valor,0.2036208,0.06685109,0.72952807
Visa e Mastercard pagam US$ 30 bi para encerrar briga com varejo. Vai ser suficiente?,https://braziljournal.com/tag/servicos-financeiros/,,,,Brazil Journal,0.2036208,0.06685109,0.72952807
"Com impacto de Alimentação e Bebidas, IPCA-15 é de 0,36% em março",http://agenciadenoticias.ibge.gov.br/agencia-noticias/2012-agencia-de-noticias/noticias/39554-com-impacto-de-alimentacao-e-bebidas-ipca-15-e-de-0-36-em-marco.html,"IPCA-15 desacelera em março, mas altas no grupo Alimentação e bebidas pesaram no índice - Foto: Helena Pontes/Agência IBGE Notícias A prévia da inflação ficou em 0,36% em março, 0,42 ponto percentual (p.p.) menor que a de fevereiro, quando variou 0,78%....",2024-03-26 09:00:00,,IBGE,0.2036208,0.06685109,0.72952807
"Bradespar (BRAP4) lucra R$ 524,1 milhões no quarto trimestre, queda anual de 30%",https://www.infomoney.com.br/mercados/bradespar-brap4-resultados-quarto-trimestre-2023/,"Bradespar encerrou 2023 apresentando lucro Líquido de R$ 1,9 bilhão
The post <a href=""https://www.infomoney.com.br/mercados/bradespar-brap4-resultados-quarto-trimestre-2023/"">Bradespar (BRAP4) lucra R$ 524,1 milhões no quarto trimestre, queda anual de 30%</a> appeared first on <a href=""https://www.infomoney.com.br"">InfoMoney</a>.
",2024-03-27 10:53:36+00:00,https://www.infomoney.com.br/wp-content/uploads/2019/06/bradespar.jpg?fit=300%2C169&amp;quality=70&amp;strip=all,InfoMoney,0.2036208,0.06685109,0.72952807
Grupo ligado ao Hamas anuncia sete mortos em um atentado a bomba no Líbano,https://valor.globo.com/mundo/noticia/2024/03/27/grupo-ligado-ao-hamas-anuncia-sete-mortos-em-um-atentado-a-bomba-no-lbano.ghtml,        Sete socorristas morreram no ataque a um centro de...  ,2024-03-27 10:19:06+00:00,https://s2-valor.glbimg.com/9uy4ZkOoMof7LyD5YZqgBggftWo=/i.s3.glbimg.com/v1/AUTH_63b422c2caee4269b8b34177e8876b93/internal_photos/bs/2023/a/z/56yJDaR669qOskuya8cg/ap23286326638397.jpg,Valor,0.032838028,0.9337341,0.03342789
Eletromidia tem melhor tri da história; CEO diz que avalia follow-on,https://braziljournal.com/tag/midia/,,,,Brazil Journal,0.032838028,0.9337341,0.03342789
Presidente Marcio Pochmann tem encontro com correspondentes estrangeiros na Casa G20,http://agenciadenoticias.ibge.gov.br/agencia-noticias/2012-agencia-de-noticias/noticias/39547-presidente-marcio-pochmann-tem-encontro-com-correspondentes-estrangeiros-na-casa-g20.html,"Com o objetivo de mostrar a ampliação do papel do IBGE no cenário internacional da produção de estatísticas públicas, o presidente do IBGE, Marcio Pochmann, tem encontro hoje, dia 25 de março, às 16h, com parte dos correspondentes estrangeiros, na Casa...",2024-03-25 10:36:44,,IBGE,0.032838028,0.9337341,0.03342789
Ações da China caem para mínima em um mês em meio a saídas de capital estrangeiro,https://www.infomoney.com.br/mercados/acoes-da-china-caem-para-minima-em-um-mes-em-meio-a-saidas-de-capital-estrangeiro/,"Os mercados asiáticos em geral ficaram sem direção, já que os investidores aguardam a divulgação na sexta-feira de dados de inflação dos Estados Unidos
The post <a href=""https://www.infomoney.com.br/mercados/acoes-da-china-caem-para-minima-em-um-mes-em-meio-a-saidas-de-capital-estrangeiro/"">Ações da China caem para mínima em um mês em meio a saídas de capital estrangeiro</a> appeared first on <a href=""https://www.infomoney.com.br"">InfoMoney</a>.
",2024-03-27 10:50:36+00:00,https://www.infomoney.com.br/wp-content/uploads/2020/06/GettyImages-843495012-2.jpg?fit=300%2C200&amp;quality=70&amp;strip=all,InfoMoney,0.032838028,0.9337341,0.03342789
TJDFT: Banco é condenado por fraude em biometria facial para a contratação de cartão consignado,https://valor.globo.com/legislacao/noticia/2024/03/27/tjdft-banco-e-condenado-por-fraude-em-biometria-facial-para-a-contratacao-de-cartao-consignado.ghtml,        Contrato digital que seria falso levou mulher a en...  ,2024-03-27 10:00:19+00:00,https://s2-valor.glbimg.com/y-dMwhSzFHilauUsMcU-mwlhUZ8=/i.s3.glbimg.com/v1/AUTH_63b422c2caee4269b8b34177e8876b93/internal_photos/bs/2023/A/W/Cywt4kTheg9ITpJDDYcA/security-5726869-1280.jpg,Valor,0.029133493,0.9371578,0.033708718
Claudio Walker: a IA que ajudou a CloudWalk a lucrar R$ 108 milhões,https://braziljournal.com/brands/claudio-walker-a-ia-que-ajudou-a-cloudwalk-a-lucrar-r-108-milhoes/,,2024-03-02 11:07:29.405295,,Brazil Journal,0.029133493,0.9371578,0.033708718
Marcio Pochmann é recebido pelo presidente Lula em audiência sobre propostas para um novo IBGE,http://agenciadenoticias.ibge.gov.br/agencia-noticias/2012-agencia-de-noticias/noticias/39546-marcio-pochmann-e-recebido-pelo-presidente-lula-em-audiencia-sobre-propostas-para-um-novo-ibge.html,"Marcio Pochmann é recebido pelo presidente Lula em audiência sobre propostas para um novo IBGE - Foto: Ricardo Stuckert O presidente do IBGE, Marcio Pochmann, reuniu-se, no dia 21 de março, com o presidente da República, Luiz Inácio Lula da Silva, em...",2024-03-25 10:06:28,,IBGE,0.029133493,0.9371578,0.033708718
Day Trade Hoje: O que esperar dos minicontratos e do Ibovespa nesta quarta-feira,https://www.infomoney.com.br/mercados/day-trade-hoje-analistas-27032024/,"Na agenda de hoje, destaque para IGP-M e Caged
The post <a href=""https://www.infomoney.com.br/mercados/day-trade-hoje-analistas-27032024/"">Day Trade Hoje: O que esperar dos minicontratos e do Ibovespa nesta quarta-feira</a> appeared first on <a href=""https://www.infomoney.com.br"">InfoMoney</a>.
",2024-03-27 10:50:16+00:00,https://www.infomoney.com.br/wp-content/uploads/2019/12/shutterstock_1043121319.jpg?fit=300%2C158&amp;quality=70&amp;strip=all,InfoMoney,0.029133493,0.9371578,0.033708718
Entenda por que as grandes cidades brasileiras viraram canteiros de obras,https://valor.globo.com/brasil/noticia/2024/03/27/entenda-por-que-as-grandes-cidades-brasileiras-viraram-canteiros-de-obras.ghtml,        Investimento nas capitais no período 2021-2023 qua...  ,2024-03-27 10:00:11+00:00,https://s2-valor.glbimg.com/DeRqfOOMTYMVaFr3OHG80vUeAgU=/i.s3.glbimg.com/v1/AUTH_63b422c2caee4269b8b34177e8876b93/internal_photos/bs/2022/W/P/MwxJQdT6WJD3geFuZaBw/safety.jpg,Valor,0.12033529,0.13885443,0.74081033
Cuidado com a saúde da mulher pode adicionar US$ 13 bilhões à economia brasileira por ano,https://braziljournal.com/on-business/cuidado-com-a-saude-da-mulher-pode-adicionar-us-13-bilhoes-a-economia-brasileira-por-ano/,,2024-03-25 11:07:29.406148,,Brazil Journal,0.12033529,0.13885443,0.74081033
IBGE lança site dedicado às suas coleções biológicas,http://agenciadenoticias.ibge.gov.br/agencia-noticias/2012-agencia-de-noticias/noticias/39545-ibge-lanca-site-dedicado-as-suas-colecoes-biologicas.html,"Site dedicado às coleções biológicas do IBGE permitirá que mais pessoas tenham acesso ao acervo do instituto O IBGE disponibiliza a partir desta segunda-feira (25) uma nova página na internet dedicada às suas coleções biológicas, localizadas na Reserva...",2024-03-25 10:00:00,,IBGE,0.12033529,0.13885443,0.74081033
"Even vende ações da Melnick, Marisa emite notas comerciais e muda data de balanço",https://www.infomoney.com.br/mercados/even-vende-acoes-da-melnick-marisa-emite-notas-comerciais-e-muda-data-de-balanco/,"Confira os principais destaques do noticiário corporativo desta quarta-feira (27)
The post <a href=""https://www.infomoney.com.br/mercados/even-vende-acoes-da-melnick-marisa-emite-notas-comerciais-e-muda-data-de-balanco/"">Even vende ações da Melnick, Marisa emite notas comerciais e muda data de balanço</a> appeared first on <a href=""https://www.infomoney.com.br"">InfoMoney</a>.
",2024-03-27 10:39:28+00:00,https://www.infomoney.com.br/wp-content/uploads/2020/09/Melnick.jpeg?fit=300%2C167&amp;quality=70&amp;strip=all,InfoMoney,0.12033529,0.13885443,0.74081033
"Inteligência artificial no SXSW: mais um momento de tendências ou uma nova Era?
",https://valor.globo.com/empresas/esg/artigo/inteligencia-artificial-no-sxsw-mais-um-momento-de-tendencias-ou-uma-nova-era.ghtml,        Participante desta edição do evento de inovação no...  ,2024-03-27 09:30:14+00:00,https://s2-valor.glbimg.com/K-dExBMhpmZzXM0bj3GhwD8_biM=/i.s3.glbimg.com/v1/AUTH_63b422c2caee4269b8b34177e8876b93/internal_photos/bs/2024/J/g/eNRTufQlWe5d3kT2trVw/whatsapp-image-2024-03-22-at-12.52.23.jpeg,Valor,0.12959103,0.102144964,0.76826406
Porto Asset celebra dez anos do fundo DI CP,https://braziljournal.com/brands/porto-asset-celebra-dez-anos-do-fundo-di-cp/,,2024-03-20 11:07:29.406567,,Brazil Journal,0.12959103,0.102144964,0.76826406
IBGE disponibiliza agenda de 25 a 31 de março,http://agenciadenoticias.ibge.gov.br/agencia-noticias/2012-agencia-de-noticias/noticias/39540-ibge-disponibiliza-agenda-de-25-a-31-de-marco.html,"Agenda IBGE traz a programação do instituto para a semana - Foto: Bel Corção/Brasil com S Está disponível a Agenda IBGE desta semana. A edição traz as programações do Instituto para os dias 25 a 31 de março e contempla as reuniões internas e externas, os...",2024-03-25 09:00:00,,IBGE,0.12959103,0.102144964,0.76826406
"Minidólar (WDOJ24) segue com potencial de baixa, com suporte nos 4.971,5 pontos",https://www.infomoney.com.br/mercados/minidolar-hoje-futuro-do-dolar-wdoj24-27032024/,"Confira o que esperar para o minidólar nesta quarta-feira (27)
The post <a href=""https://www.infomoney.com.br/mercados/minidolar-hoje-futuro-do-dolar-wdoj24-27032024/"">Minidólar (WDOJ24) segue com potencial de baixa, com suporte nos 4.971,5 pontos</a> appeared first on <a href=""https://www.infomoney.com.br"">InfoMoney</a>.
",2024-03-27 10:37:41+00:00,https://www.infomoney.com.br/wp-content/uploads/2024/03/wdoj24-0503.png?fit=300%2C149&amp;quality=70&amp;strip=all,InfoMoney,0.12959103,0.102144964,0.76826406
"Agenda do dia: Caged deve mostrar criação 230 mil vagas em fevereiro, dizem economistas",https://valor.globo.com/brasil/noticia/2024/03/27/agenda-do-dia-caged-deve-mostrar-criacao-230-mil-vagas-em-fevereiro-dizem-economistas.ghtml,        O Cadastro Geral de Empregados e Desempregados (Ca...  ,2024-03-27 09:30:10+00:00,https://s2-valor.glbimg.com/sFtVwImGzZGtQIMNbTzyrPuJogg=/i.s3.glbimg.com/v1/AUTH_63b422c2caee4269b8b34177e8876b93/internal_photos/bs/2024/L/L/v6jdzBSsyWyiDiYPeXvA/micros-e-pequenas-empresas-mpe-foram-as-que-mais-contribuiram-para-a-geracao-de-empregos-em-2023-tania-rego-agencia-brasil.webp,Valor,0.15878595,0.123534866,0.7176792
Como investir em ano de eleições?,https://braziljournal.com/brands/como-investir-em-ano-de-eleicoes/,,2024-03-20 11:07:29.407005,,Brazil Journal,0.15878595,0.123534866,0.7176792
O Censo na sua rua: IBGE publica resultados com maior nível de detalhe territorial,http://agenciadenoticias.ibge.gov.br/agencia-noticias/2012-agencia-de-noticias/noticias/39533-o-censo-na-sua-rua-ibge-publica-resultados-com-maior-nivel-de-detalhe-territorial.html,"Entre os destaques apresentados por Fernando Damasco está que mais da metade da população vive até uma distância de 150km do litoral - Foto: Foto: Daniel Pitthan/IBGE O IBGE realizou nesta quinta (21/3), em Florianópolis, a Oitava Divulgação do Censo...",2024-03-22 15:33:28,,IBGE,0.15878595,0.123534866,0.7176792
"GameStop enfrenta declínio “insustentável” nas vendas, corta empregos e ação desaba",https://www.infomoney.com.br/mercados/gamestop-enfrenta-declinio-insustentavel-nas-vendas-corta-empregos-e-acao-desaba/,"As recentes medidas de redução de custos da GameStop também incluíram a retirada de suas operações na Irlanda, Suíça e Áustria
The post <a href=""https://www.infomoney.com.br/mercados/gamestop-enfrenta-declinio-insustentavel-nas-vendas-corta-empregos-e-acao-desaba/"">GameStop enfrenta declínio &#8220;insustentável&#8221; nas vendas, corta empregos e ação desaba</a> appeared first on <a href=""https://www.infomoney.com.br"">InfoMoney</a>.
",2024-03-27 10:30:29+00:00,https://www.infomoney.com.br/wp-content/uploads/2019/06/gamestop-bloomberg.jpg?fit=300%2C200&amp;quality=70&amp;strip=all,InfoMoney,0.15878595,0.123534866,0.7176792
Como declarar imóvel no Imposto de Renda 2024,https://valor.globo.com/financas/imposto-de-renda-2024/noticia/2024/03/27/como-declarar-imovel-no-imposto-de-renda-2024.ghtml,"        Há diferenças na hora de declarar o imóvel, sua ve...  ",2024-03-27 09:00:46+00:00,https://s2-valor.glbimg.com/HcucRTBOp0Lgx6wn2n9xxVj2ZTg=/i.s3.glbimg.com/v1/AUTH_63b422c2caee4269b8b34177e8876b93/internal_photos/bs/2023/K/8/f2mHmaSc6GDxYfBKTz8Q/predio-corporativo-setor-imobiliario-construcao-daria-nepriakhina-pixabay.jpg,Valor,0.07408985,0.101613246,0.82429695
BS2 consolida estratégia focada em empresas e alcança lucro recorde,https://braziljournal.com/brands/bs2-consolida-estrategia-focada-em-empresas-e-alcanca-lucro-recorde/,,2024-03-25 11:07:29.407376,,Brazil Journal,0.07408985,0.101613246,0.82429695
Proporção de jovens de 6 a 14 anos no ensino fundamental cai pelo terceiro ano,http://agenciadenoticias.ibge.gov.br/agencia-noticias/2012-agencia-de-noticias/noticias/39530-proporcao-de-jovens-de-6-a-14-anos-no-ensino-fundamental-cai-pelo-terceiro-ano.html,"Em 2023, 94,6% das pessoas de 6 a 14 anos estavam frequentando o ensino fundamental, etapa escolar adequada para esta faixa etária - Foto: Acervo IBGE No Brasil, em 2023, 94,6% das pessoas de 6 a 14 anos estavam frequentando o ensino fundamental, etapa...",2024-03-22 10:00:00,,IBGE,0.07408985,0.101613246,0.82429695
"Mini-índice (WINJ24) pode manter movimento de baixa, com suporte nos 127.450 no radar",https://www.infomoney.com.br/mercados/mini-indice-hoje-futuro-ibovespa-winj24-27032024/,"Confira o que esperar para o mini-índice nesta quarta-feira (26)
The post <a href=""https://www.infomoney.com.br/mercados/mini-indice-hoje-futuro-ibovespa-winj24-27032024/"">Mini-índice (WINJ24) pode manter movimento de baixa, com suporte nos 127.450 no radar</a> appeared first on <a href=""https://www.infomoney.com.br"">InfoMoney</a>.
",2024-03-27 10:22:40+00:00,https://www.infomoney.com.br/wp-content/uploads/2024/03/winj24-0503.png?fit=300%2C150&amp;quality=70&amp;strip=all,InfoMoney,0.07408985,0.101613246,0.82429695
Como saber a hora certa de procurar um novo emprego?,https://valor.globo.com/carreira/carreira-no-diva/post/2024/03/como-saber-a-hora-certa-de-procurar-um-novo-emprego.ghtml,        A colunista Isis Borge orienta leitor que está em...  ,2024-03-27 09:00:36+00:00,https://s2-valor.glbimg.com/YAsOsS8pmKyZZfxkU3Jz_xN7W8s=/i.s3.glbimg.com/v1/AUTH_63b422c2caee4269b8b34177e8876b93/internal_photos/bs/2024/y/p/fvNxmOTAWsTnjBUELFvg/bench-accounting-c3v88boorom-unsplash.jpg,Valor,0.06853593,0.10481685,0.8266472
"Na Arezzo&Co, um ano para ficar na história",https://braziljournal.com/brands/na-arezzoco-um-ano-para-ficar-na-historia/,,2024-03-25 11:07:29.407746,,Brazil Journal,0.06853593,0.10481685,0.8266472
Uma em cada quatro mulheres de 15 a 29 anos não estudava e nem estava ocupada em 2023,http://agenciadenoticias.ibge.gov.br/agencia-noticias/2012-agencia-de-noticias/noticias/39531-uma-em-cada-quatro-mulheres-de-15-a-29-anos-nao-estudava-e-nem-estava-ocupada-em-2023.html,"Das pessoas com 15 a 29 anos, 19,8% não estavam ocupados nem estudando, proporção que era de 14,2% entre os homens e salta para 25,6% entre as mulheres - Foto: Cristiano Ferrari/USP Imagens No Brasil, em 2023, havia 48,5 milhões de pessoas de 15 a 29...",2024-03-22 10:00:00,,IBGE,0.06853593,0.10481685,0.8266472
Condenações para quem tenta ‘passar a perna na Justiça’ dobram em 10 anos no país,https://www.infomoney.com.br/minhas-financas/condenacoes-para-quem-tenta-passar-a-perna-na-justica-dobram-em-10-anos-no-pais/,"Advogados citam mudança na lei trabalhista, após reforma, que tornou mais rígidos os critérios para detectar abusos
The post <a href=""https://www.infomoney.com.br/minhas-financas/condenacoes-para-quem-tenta-passar-a-perna-na-justica-dobram-em-10-anos-no-pais/"">Condenações para quem tenta &#8216;passar a perna na Justiça&#8217; dobram em 10 anos no país</a> appeared first on <a href=""https://www.infomoney.com.br"">InfoMoney</a>.
",2024-03-27 10:21:00+00:00,https://www.infomoney.com.br/wp-content/uploads/2023/08/GettyImages-1395187052.jpg?fit=300%2C200&amp;quality=70&amp;strip=all,InfoMoney,0.06853593,0.10481685,0.8266472
Veja o que abre e fecha na Páscoa 2024,https://valor.globo.com/brasil/noticia/2024/03/27/veja-o-que-abre-e-fecha-na-pascoa-2024.ghtml,        Agências bancárias e Correios não vão funcionar du...  ,2024-03-27 09:00:30+00:00,https://s2-valor.glbimg.com/E1WcTnSPdI9ouMgf8tD9qSRHZJQ=/i.s3.glbimg.com/v1/AUTH_63b422c2caee4269b8b34177e8876b93/internal_photos/bs/2023/5/M/N0BpNCQjCtDnq9BM1iqQ/pexels-george-dolgikh-2072158.jpg,Valor,0.26941758,0.08710396,0.64347845
O que está por trás do lucro bilionário do Nu em 2023,https://braziljournal.com/brands/o-que-esta-por-tras-do-lucro-bilionario-do-nu-em-2023/,,2024-03-24 11:07:29.408179,,Brazil Journal,0.26941758,0.08710396,0.64347845
Censo 2022: informações de população e domicílios por setores censitários auxiliam gestão pública,http://agenciadenoticias.ibge.gov.br/agencia-noticias/2012-agencia-de-noticias/noticias/39525-censo-2022-informacoes-de-populacao-e-domicilios-por-setores-censitarios-auxiliam-gestao-publica.html,"Divulgação dos agregados por setores censitários preliminares permite que a sociedade acesse, mais rapidamente, informações detalhadas obtidas pelo Censo 2022 - Foto: Maycon Nunes/ Agência Pará O IBGE disponibiliza a partir de hoje (21) os totais de...",2024-03-21 10:00:00,,IBGE,0.26941758,0.08710396,0.64347845
"A história do ex-trader do Citibank que era milionário, mas trabalhava de sapatos furados e dormia em sofá quebrado",https://valor.globo.com/eu-e/noticia/2024/03/27/a-historia-do-ex-trader-do-citibank-que-era-milionario-mas-trabalhava-de-sapatos-furados-e-dormia-em-sofa-quebrado.ghtml,        Quando não estava mergulhado nas transações do mer...  ,2024-03-27 08:19:07+00:00,https://s2-valor.glbimg.com/mkx87EB2XMwxvmaTO-Fw6vtmKdQ=/i.s3.glbimg.com/v1/AUTH_63b422c2caee4269b8b34177e8876b93/internal_photos/bs/2024/M/A/Pxg9chTw6f7AnzQX9m6w/gary.jpg,Valor,0.062063582,0.57340306,0.3645333
O que o setor elétrico pode ensinar para a infraestrutura do País,https://braziljournal.com/brands/o-que-o-setor-eletrico-pode-ensinar-sobre-universalizacao-da-infraestrutura/,,2024-03-23 11:07:29.408552,,Brazil Journal,0.062063582,0.57340306,0.3645333
Oficina Técnica do IBGE em Florianópolis abre programação da oitava divulgação do Censo Demográfico 2022,http://agenciadenoticias.ibge.gov.br/agencia-noticias/2012-agencia-de-noticias/noticias/39527-oficina-tecnica-do-ibge-em-florianopolis-abre-programacao-da-oitava-divulgacao-do-censo-demografico-2022.html,"Foto: Acervo IBGE O IBGE realizou na tarde dessa quarta, 20 de março, a Oficina Um território de informações: Potencialidades dos Dados do Censo 2022, no auditório da Agência Reguladora Intermunicipal de Saneamento (Aris), no bairro Canto, em...",2024-03-21 09:53:00,,IBGE,0.062063582,0.57340306,0.3645333
Jorge Lucki: Um dos principais responsáveis pela cultura do vinho no Brasil ,https://valor.globo.com/eu-e/coluna/jorge-lucki-um-dos-principais-responsaveis-pela-cultura-do-vinho-no-brasil.ghtml,        Danio Braga e  Alvaro Palacios marcaram esta colun...  ,2024-03-27 08:14:07+00:00,https://s2-valor.glbimg.com/K46F0lCj9FcBvkF4BajpY61dyvA=/i.s3.glbimg.com/v1/AUTH_63b422c2caee4269b8b34177e8876b93/internal_photos/bs/2024/S/h/GlqkWvTuuOnXAuTMPLQQ/img-4032.jpg,Valor,0.33512303,0.07501222,0.5898648
UFSC sediou segunda edição do Diálogos Externos IBGE 90 Anos em Florianópolis,http://agenciadenoticias.ibge.gov.br/agencia-noticias/2012-agencia-de-noticias/noticias/39526-ufsc-sediou-segunda-edicao-do-dialogos-externos-ibge-90-anos-em-florianopolis.html,"Cerca de 80 pessoas participaram da segunda edição dos Diálogos Externos IBGE 90 anos, em Florianópolis Mais de 80 pessoas lotaram o auditório da Universidade Federal de Santa Catarina (UFSC), em Florianópolis, para participar ativamente da segunda...",2024-03-21 09:51:54,,IBGE,0.33512303,0.07501222,0.5898648
O curso mais popular da Universidade Yale ensina como levar ‘a vida que vale a pena viver’,https://valor.globo.com/eu-e/noticia/2024/03/27/o-curso-mais-popular-da-universidade-yale-ensina-como-levar-a-vida-que-vale-a-pena-viver.ghtml,        Livro reúne ensinamentos do diretor do Centro para...  ,2024-03-27 08:09:07+00:00,https://s2-valor.glbimg.com/vMaHbbHlmtPmlgcQFeL-FKIXcNM=/i.s3.glbimg.com/v1/AUTH_63b422c2caee4269b8b34177e8876b93/internal_photos/bs/2024/k/1/OAAbwrRJu3fG1D2F9nmQ/miroslav-volf-christopher-capozziello-1-.jpg,Valor,0.16356163,0.06533491,0.77110344
Pesquisa de Inovação Semestral aponta qualidade e alcance da inovação da indústria brasileira,http://agenciadenoticias.ibge.gov.br/agencia-noticias/2012-agencia-de-noticias/noticias/39524-pesquisa-de-inovacao-semestral-aponta-qualidade-e-alcance-da-inovacao-da-industria-brasileira.html,"Presidente do IBGE, Marcio Pochmann - Foto: Lucas Cunha Na manhã desta quarta-feira, 20, o Instituto Brasileiro de Geografia e Estatística (IBGE) divulgou a Pesquisa de Inovação Semestral – PINTEC Semestral na cidade de Brasília-DF. A pesquisa é uma...",2024-03-20 18:50:00,,IBGE,0.16356163,0.06533491,0.77110344
"Fevereiro é 15º mês consecutivo com reajuste salarial acima da inflação, aponta Fipe",https://valor.globo.com/brasil/noticia/2024/03/27/fevereiro-e-15o-mes-consecutivo-com-reajuste-salarial-acima-da-inflacao-aponta-fipe.ghtml,        O reajuste mediano de salários obtido via negociaç...  ,2024-03-27 08:05:07+00:00,https://s2-valor.glbimg.com/ha8PV8kslFyMejfpL2_VwSd4S5Y=/i.s3.glbimg.com/v1/AUTH_63b422c2caee4269b8b34177e8876b93/internal_photos/bs/2023/J/7/yfPVBERCe1S8dJ9L0Wvg/260612volks19.jpg,Valor,0.2863288,0.46993673,0.24373448
Ação do Mercantil sobe 150% mesmo com ROE “insustentável”; entenda,https://braziljournal.com/play/acao-do-mercantil-sobe-150-mesmo-com-roe-insustentavel-entenda/,,,,Brazil Journal,0.2863288,0.46993673,0.24373448
"IBGE promove segundo Diálogos Externos nesta quarta, 20, na UFSC",http://agenciadenoticias.ibge.gov.br/agencia-noticias/2012-agencia-de-noticias/noticias/39513-ibge-promove-segundo-dialogos-externos-nesta-quarta-20-na-ufsc.html,"O reitor da Universidade Federal de Santa Catarina, Irineu Manoel de Souza, e a vice-reitora, Joana Célia Passos, receberão nesta quarta-feira, 20, o Superintendente do IBGE em Santa Catarina, Roberto Kern Gomes, para o segundo Diálogos Externos IBGE 90...",2024-03-20 13:06:43,,IBGE,0.2863288,0.46993673,0.24373448
"Como são os novos clubes privados de luxo do Brasil, com títulos de R$ 900 mil e ondas artificiais",https://valor.globo.com/eu-e/noticia/2024/03/27/como-sao-os-novos-clubes-privados-de-luxo-do-brasil-com-titulos-de-r-900-mil-e-ondas-artificiais.ghtml,        Iniciativas como o Resid e o São Paulo Surf Club q...  ,2024-03-27 08:04:06+00:00,https://s2-valor.glbimg.com/MzV_jo5MZJhH_nQcXuQViLF3kzc=/i.s3.glbimg.com/v1/AUTH_63b422c2caee4269b8b34177e8876b93/internal_photos/bs/2024/B/t/FvRT3GTmiAAucFIkjyrw/22cul-100-clube-d8-img01.jpeg,Valor,0.34752268,0.06444268,0.5880347
A estratégia por trás do rebranding da RD Saúde,https://braziljournal.com/play/a-estrategia-por-tras-do-rebranding-da-rd-saude/,,,,Brazil Journal,0.34752268,0.06444268,0.5880347
"Empresas industriais de médio e grande porte investiram R$ 36,9 bilhões em P&D em 2022",http://agenciadenoticias.ibge.gov.br/agencia-noticias/2012-agencia-de-noticias/noticias/39503-empresas-industriais-de-medio-e-grande-porte-investiram-r-36-9-bilhoes-em-p-d-em-2022.html,"Setor de máquinas e equipamentos lidera o ranking das empresas inovadoras - Foto: Freepik Em 2022, as empresas industriais inovadoras com 100 ou mais pessoas ocupadas investiram R$ 36,9 bilhões em atividades internas de P&amp;D. As empresas inovadoras da...",2024-03-20 10:00:00,,IBGE,0.34752268,0.06444268,0.5880347
Números exuberantes ofuscam diferenças,https://valor.globo.com/brasil/g20-no-brasil/noticia/2024/03/27/numeros-exuberantes-ofuscam-diferencas.ghtml,        Países do fórum respondem por cerca de 80% do PIB...  ,2024-03-27 08:03:09+00:00,https://s2-valor.glbimg.com/kb8WiFRmzrX9sqK50qdeuKan7JA=/i.s3.glbimg.com/v1/AUTH_63b422c2caee4269b8b34177e8876b93/internal_photos/bs/2024/j/t/yZ5voVS4upjltHLmX0ow/foto27emp-101-economia-f2.jpg,Valor,0.21784198,0.40757895,0.37457904
Panvel acelera expansão e prevê mais lojas – quase todas no Sul,https://braziljournal.com/play/panvel-acelera-expansao-da-receita-e-preve-mais-lojas-quase-todas-no-sul/,,,,Brazil Journal,0.21784198,0.40757895,0.37457904
IBGE realiza oficina para terceira turma do curso “Políticas públicas na era digital: Dominando os dados do IBGE”,http://agenciadenoticias.ibge.gov.br/agencia-noticias/2012-agencia-de-noticias/noticias/39508-ibge-realiza-oficina-para-terceira-turma-do-curso-politicas-publicas-na-era-digital-dominando-os-dados-do-ibge.html,"O IBGE apresentou nesta segunda-feira, 18, a terceira turma da oficina com o tema “Políticas públicas na era digital: Dominando os dados do IBGE”, com transmissão virtual, por meio do Webex, para mais de 200 participantes. O curso é voltado para gestores...",2024-03-19 17:35:00,,IBGE,0.21784198,0.40757895,0.37457904
Governo pretende ampliar participação civil no processo,https://valor.globo.com/brasil/g20-no-brasil/noticia/2024/03/27/governo-pretende-ampliar-participacao-civil-no-processo.ghtml,        Movimentação começou quando Lula anunciou criação...  ,2024-03-27 08:03:07+00:00,https://s2-valor.glbimg.com/ZqXvyo7F_HqkyvE4MOtOgXvz9ng=/i.s3.glbimg.com/v1/AUTH_63b422c2caee4269b8b34177e8876b93/internal_photos/bs/2024/k/B/gTO85tSOWDKB9SX4Yh1Q/foto27rel-111-social-f2.jpg,Valor,0.81102955,0.03591277,0.15305765
"Com ajuda do presencial, Yduqs promete alta de dois dígitos no lucro",https://braziljournal.com/play/com-ajuda-do-presencial-yduqs-promete-alta-de-dois-digitos-no-lucro/,,,,Brazil Journal,0.81102955,0.03591277,0.15305765
Está disponível a Agenda IBGE da semana de 18 a 24 de março,http://agenciadenoticias.ibge.gov.br/agencia-noticias/2012-agencia-de-noticias/noticias/39494-esta-disponivel-a-agenda-ibge-da-semana-de-18-a-24-de-marco.html,"Agenda IBGE traz a programação do instituto para a semana - Foto: Bel Corção/Brasil com S Divulgada hoje (18), a Agenda IBGE traz as programações do IBGE para os dias 18 a 24 de março. A edição disponibilizada contempla as reuniões internas e externas,...",2024-03-18 09:00:00,,IBGE,0.81102955,0.03591277,0.15305765
Redução da desigualdade vai orientar o desenvolvimento de propostas do G20 Social,https://valor.globo.com/brasil/g20-no-brasil/noticia/2024/03/27/reducao-da-desigualdade-vai-orientar-o-desenvolvimento-de-propostas-do-g20-social.ghtml,        Participação concreta da sociedade civil é um dos...  ,2024-03-27 08:03:06+00:00,https://s2-valor.glbimg.com/s26BiOZa_wHkODPSjhMSZ9okRw8=/i.s3.glbimg.com/v1/AUTH_63b422c2caee4269b8b34177e8876b93/internal_photos/bs/2024/t/G/2B4hHySyODAGVA4Z1mkw/foto27rel-121-ping-f2.jpg,Valor,0.06867284,0.10199279,0.8293344
ROUNDTABLE Inteligência Artificial: Um debate sobre transformacional x hype,https://braziljournal.com/play/roundtable-inteligencia-artificial-um-debate-sobre-transformacional-x-hype/,,,,Brazil Journal,0.06867284,0.10199279,0.8293344
IBGE realiza oitava divulgação do Censo amanhã em Florianópolis (SC) ,http://agenciadenoticias.ibge.gov.br/agencia-noticias/2012-agencia-de-noticias/noticias/39490-ibge-realiza-oitava-divulgacao-do-censo-amanha-em-florianopolis-sc.html,"Foto: Ricardo Wolffenbttel/SECOM-SC O IBGE divulgará, em 21 de março, às 10h, no Auditório da Associação dos Municípios da Grande Florianópolis (GRANFPOLIS), em Florianópolis (SC), os resultados do Censo Demográfico 2022: Agregados por Setores...",2024-03-15 15:30:00,,IBGE,0.06867284,0.10199279,0.8293344
"Brasil tem metas ambiciosas, mas geopolítica pode limitar consenso",https://valor.globo.com/brasil/g20-no-brasil/noticia/2024/03/27/brasil-tem-metas-ambiciosas-mas-geopolitica-pode-limitar-consenso.ghtml,"        Na presidência do fórum, objetivo é mobilizar recu...  ",2024-03-27 08:03:03+00:00,https://s2-valor.glbimg.com/u6SQthzualZQUj_6mpvR9fuApHI=/i.s3.glbimg.com/v1/AUTH_63b422c2caee4269b8b34177e8876b93/internal_photos/bs/2024/F/H/wBcwsGRoaBvIffZhxMBA/foto27rel-101-vivian-f3.jpg,Valor,0.038427114,0.8200709,0.14150196
Aegea diz que está olhando Sabesp e sugere lockup maior,https://braziljournal.com/play/aegea-diz-que-esta-olhando-sabesp-e-sugere-lockup-maior/,,,,Brazil Journal,0.038427114,0.8200709,0.14150196
"Volume dos Serviços cresce 0,7% em janeiro",http://agenciadenoticias.ibge.gov.br/agencia-sala-de-imprensa/2013-agencia-de-noticias/releases/39459-volume-dos-servicos-cresce-0-7-em-janeiro.html,"Em janeiro de 2024, o volume de serviços no Brasil cresceu 0,7% frente a dezembro de 2023, na série livre de influências sazonais. Foi o terceiro resultado positivo consecutivo do indicador, período em que acumulou um ganho de 1,9%. O setor de serviços...",2024-03-15 09:00:00,,IBGE,0.038427114,0.8200709,0.14150196
Momento favorece reabilitação de imagem no exterior,https://valor.globo.com/brasil/g20-no-brasil/noticia/2024/03/27/momento-favorece-reabilitacao-de-imagem-no-exterior.ghtml,"    Na presidência rotativa do G20, Brasil volta a ser...  ",2024-03-27 08:03:02+00:00,,Valor,0.65640986,0.05996335,0.2836268
"Fleury tem ano “resiliente”, diz CEO; alavancagem abre espaço para M&As",https://braziljournal.com/play/fleury-tem-ano-resiliente-diz-ceo-alavancagem-abre-espaco-para-mas/,,,,Brazil Journal,0.65640986,0.05996335,0.2836268
"Serviços crescem 0,7% em janeiro, terceiro avanço consecutivo",http://agenciadenoticias.ibge.gov.br/agencia-noticias/2012-agencia-de-noticias/noticias/39464-servicos-crescem-0-7-em-janeiro-terceiro-avanco-consecutivo.html,"Informação e comunicação exerceram a principal influência no avanço do volume de serviços, com aumento da taxa em 1,5% - Foto: Agência Brasília Em janeiro, o volume de serviços prestados no país cresceu 0,7% frente a dezembro. É o terceiro resultado...",2024-03-15 09:00:00,,IBGE,0.65640986,0.05996335,0.2836268
Setor privado elabora sugestões com foco em crescimento sustentável,https://valor.globo.com/brasil/g20-no-brasil/noticia/2024/03/27/setor-privado-elabora-sugestoes-com-foco-em-crescimento-sustentavel.ghtml,"        Fórum de lideranças empresariais, o B20 tem oito f...  ",2024-03-27 08:03:01+00:00,https://s2-valor.glbimg.com/tsiGrM2K7t72bGxulHwyh8NCOaM=/i.s3.glbimg.com/v1/AUTH_63b422c2caee4269b8b34177e8876b93/internal_photos/bs/2024/H/x/GMNUX8RcilewTJxETSJw/foto27rel-101-privado-f4.jpg,Valor,0.106622726,0.05705169,0.8363256
BYD chegou chegando também na publicidade,https://braziljournal.com/play/byd-chegou-chegando-tambem-na-publicidade/,,,,Brazil Journal,0.106622726,0.05705169,0.8363256
"Presidente Marcio Pochmann participa de evento da 5ª Conferência Nacional de Ciência, Tecnologia e Inovação na UERJ",http://agenciadenoticias.ibge.gov.br/agencia-noticias/2012-agencia-de-noticias/noticias/39465-presidente-marcio-pochmann-participa-de-evento-da-5-conferencia-nacional-de-ciencia-tecnologia-e-inovacao-na-uerj.html,"O presidente Marcio Pochmann reforçou o momento ímpar no qual a conferência está sendo realizada, marcado pela presença cada vez maior de recursos digitais no cotidiano das pessoas Na manhã desta quinta-feira, 14, o presidente do IBGE, Marcio Pochmann,...",2024-03-14 17:56:43,,IBGE,0.106622726,0.05705169,0.8363256
Nova ordem do comércio global é estratégica,https://valor.globo.com/brasil/g20-no-brasil/noticia/2024/03/27/nova-ordem-do-comercio-global-e-estrategica.ghtml,"        Para empresas, há grande necessidade de fortalecim...  ",2024-03-27 08:02:59+00:00,https://s2-valor.glbimg.com/jkMdx4_7wI_DdOo1uDeWUgzlYpQ=/i.s3.glbimg.com/v1/AUTH_63b422c2caee4269b8b34177e8876b93/internal_photos/bs/2024/d/M/xEbgvsSvCsdPd6SBgZAQ/foto27rel-121-investi-f4.jpg,Valor,0.3024797,0.09321289,0.6043075
Itaú traz fundadores do iFood e 99 para o board,https://braziljournal.com/tag/governanca-corporativa/,,,,Brazil Journal,0.3024797,0.09321289,0.6043075
SIDRA utilizará inteligência artificial na busca,http://agenciadenoticias.ibge.gov.br/agencia-noticias/2012-agencia-de-noticias/noticias/39456-sidra-utilizara-inteligencia-artificial-na-busca.html,O Sistema IBGE de Recuperação Automatizada (SIDRA) utilizará Inteligência Artificial (IA) em sua ferramenta de buscas ainda no primeiro semestre de 2024. O SIDRA é o banco de dados no qual as informações das pesquisas realizadas pelo IBGE ficam...,2024-03-14 14:00:00,,IBGE,0.3024797,0.09321289,0.6043075
Entidades de classe trazem subsídios às discussões,https://valor.globo.com/brasil/g20-no-brasil/noticia/2024/03/27/entidades-de-classe-trazem-subsidios-as-discussoes.ghtml,"        Todas as forças-tarefas cruzam temas específicos,...  ",2024-03-27 08:02:57+00:00,https://s2-valor.glbimg.com/rMqRKX_Py1RAP_sM4BvRenATexM=/i.s3.glbimg.com/v1/AUTH_63b422c2caee4269b8b34177e8876b93/internal_photos/bs/2024/0/I/Yi1nRNTSGwlvAETlkgwQ/foto27rel-111-entidades-f4.jpg,Valor,0.1856221,0.05405413,0.7603237
"Santander eleva Inter, vê BDR a R$ 36",https://braziljournal.com/tag/research/,,,,Brazil Journal,0.1856221,0.05405413,0.7603237
Estudantes de Ponte Alta do Tocantins visitam primeiro totem interativo do IBGE em agência dos Correios,http://agenciadenoticias.ibge.gov.br/agencia-noticias/2012-agencia-de-noticias/noticias/39457-estudantes-de-ponte-alta-do-tocantins-visitam-primeiro-totem-interativo-do-ibge-em-agencia-dos-correios.html,"Alunos do Colégio Estadual Odolfo Soares, de Ponte Alta do Tocantins, em aula com o totem interativo do IBGE Alunos do Colégio Estadual Odolfo Soares, de Ponte Alta do Tocantins, tiveram uma aula de Geografia diferente nesta terça-feira, 12. Eles...",2024-03-14 13:55:00,,IBGE,0.1856221,0.05405413,0.7603237
País tem oportunidade para liderar a transição energética,https://valor.globo.com/brasil/g20-no-brasil/noticia/2024/03/27/pais-tem-oportunidade-para-liderar-a-transicao-energetica.ghtml,"        Bloco formado por 19 países, mais a União Europeia...  ",2024-03-27 08:02:52+00:00,https://s2-valor.glbimg.com/gZqSOZ2dvghEDlN_WgD4RsFOCNU=/i.s3.glbimg.com/v1/AUTH_63b422c2caee4269b8b34177e8876b93/internal_photos/bs/2024/C/E/bfvptkSRyYcPMRkLb9AA/foto27rel-101-energia-f6.jpg,Valor,0.7379011,0.044684403,0.2174145
Bradesco rebaixa B3; vê maior upside na XP,https://braziljournal.com/tag/research/,,,,Brazil Journal,0.7379011,0.044684403,0.2174145
Agenda inclui 130 reuniões até novembro,https://valor.globo.com/brasil/g20-no-brasil/noticia/2024/03/27/agenda-inclui-130-reunioes-ate-novembro.ghtml,"    Na presidência rotativa do grupo, Brasil tem oport...  ",2024-03-27 08:02:50+00:00,,Valor,0.106407955,0.07860395,0.81498814
"Em meio à queda, Kaufman compra mais 2% da Vivara",https://braziljournal.com/tag/varejo-e-consumo/,,,,Brazil Journal,0.106407955,0.07860395,0.81498814
"Após queda em dezembro, vendas no varejo crescem 2,5% em janeiro",http://agenciadenoticias.ibge.gov.br/agencia-noticias/2012-agencia-de-noticias/noticias/39451-apos-queda-em-dezembro-vendas-no-varejo-crescem-2-5-em-janeiro.html,"O aumento de vendas no setor de tecidos, vestuário e calçados impulsionou o varejo no primeiro mês do ano - Foto: Helena Pontes/Agência IBGE Notícias Na passagem de dezembro para janeiro, as vendas no comércio varejista no país aumentaram 2,5%. É a...",2024-03-14 09:00:00,,IBGE,0.106407955,0.07860395,0.81498814
Financiamento para lidar com clima é desafio,https://valor.globo.com/brasil/g20-no-brasil/noticia/2024/03/27/financiamento-para-lidar-com-clima-e-desafio.ghtml,        Dificuldade de obter e distribuir recursos permeia...  ,2024-03-27 08:02:48+00:00,https://s2-valor.glbimg.com/FfyNstUxge03RvVu8MqNyes6fsQ=/i.s3.glbimg.com/v1/AUTH_63b422c2caee4269b8b34177e8876b93/internal_photos/bs/2024/e/L/v095JfSkyFNem7jUZhHQ/foto27rel-101-financia-f7.jpg,Valor,0.06287039,0.24696855,0.69016105
"Previ chega a 5% da Vibra, mas diz que não quer influir",https://braziljournal.com/tag/gestores/,,,,Brazil Journal,0.06287039,0.24696855,0.69016105
"Em janeiro, vendas no varejo crescem 2,5%",http://agenciadenoticias.ibge.gov.br/agencia-sala-de-imprensa/2013-agencia-de-noticias/releases/39449-em-janeiro-vendas-no-varejo-crescem-2-5.html,"Em janeiro de 2024, o volume de vendas do comércio varejista cresceu 2,5%, frente a dezembro, na série com ajuste sazonal. No mês anterior, a variação havia sido de -1,4%. A média móvel trimestral variou 0,4% no trimestre encerrado em janeiro. Período...",2024-03-14 09:00:00,,IBGE,0.06287039,0.24696855,0.69016105
Tensões geopolíticas ameaçam busca por acordos,https://valor.globo.com/brasil/g20-no-brasil/noticia/2024/03/27/tensoes-geopoliticas-ameacam-busca-por-acordos.ghtml,        Capacidade brasileira de promover pontes entre paí...  ,2024-03-27 08:02:46+00:00,https://s2-valor.glbimg.com/7wWgL3HQeiEfDFF6vs4GcVIF1rQ=/i.s3.glbimg.com/v1/AUTH_63b422c2caee4269b8b34177e8876b93/internal_photos/bs/2024/s/m/N15JxjQmCAHCJNAU4hxg/foto27rel-201-geopol-f7.jpg,Valor,0.03099326,0.9291072,0.03989958
"GPA levanta R$ 700 milhões a R$ 3,20/ação; Iabrudi terá 5% do capital",https://braziljournal.com/tag/follow-on-e-block-trade/,,,,Brazil Journal,0.03099326,0.9291072,0.03989958
"Em 2023, abate de bovinos cresce e o de frangos e suínos atinge recordes ",http://agenciadenoticias.ibge.gov.br/agencia-noticias/2012-agencia-de-noticias/noticias/39453-em-2023-abate-de-bovinos-cresce-e-o-de-frangos-e-suinos-atingem-recordes.html,"Abate de bovinos cresce e atinge segundo maior resultado da série, atrás apenas daquele registrado em 2013 - Foto: Licia Rubinstein/Agência IBGE Notícias O abate de bovinos seguiu em crescimento em 2023 e chegou a 34,06 milhões de cabeças, um aumento de...",2024-03-14 09:00:00,,IBGE,0.03099326,0.9291072,0.03989958
Sistemas mais resilientes são prioridade na pauta de saúde,https://valor.globo.com/brasil/g20-no-brasil/noticia/2024/03/27/sistemas-mais-resilientes-sao-prioridade-na-pauta-de-saude.ghtml,        Brasil aposta na criação de uma aliança global par...  ,2024-03-27 08:02:44+00:00,https://s2-valor.glbimg.com/Y518Hfph9danM-z0Cl7D29p0plo=/i.s3.glbimg.com/v1/AUTH_63b422c2caee4269b8b34177e8876b93/internal_photos/bs/2024/U/r/kSv8OTSqmLP1XokposPA/foto27rel-101-saude-f8.jpg,Valor,0.1794909,0.06451864,0.75599045
BofA eleva preço-alvo da Nvidia para US$ 1.100,https://braziljournal.com/tag/research/,,,,Brazil Journal,0.1794909,0.06451864,0.75599045
Perdão de dívidas em troca de investimentos,https://valor.globo.com/brasil/g20-no-brasil/noticia/2024/03/27/perdao-de-dividas-em-troca-de-investimentos.ghtml,    Financiamento em produção científica no Sul Global...  ,2024-03-27 08:02:43+00:00,,Valor,0.040988386,0.8478794,0.11113222
CI&T cai 20% em 5 dias; BTG vê oportunidade de compra,https://braziljournal.com/tag/tecnologia-e-internet/,,,,Brazil Journal,0.040988386,0.8478794,0.11113222
Produção industrial recua em seis dos 15 locais pesquisados em janeiro,http://agenciadenoticias.ibge.gov.br/agencia-noticias/2012-agencia-de-noticias/noticias/39415-producao-industrial-recua-em-seis-dos-15-locais-pesquisados-em-janeiro.html,"A indústria extrativa impactou as duas maiores expansões entre os locais pesquisados - Foto: Ricardo Teles/Portal Brasil.gov.br Seis dos 15 locais investigados pela Pesquisa Indústria Mensal Regional (PIM) recuaram na passagem de dezembro para janeiro,...",2024-03-13 09:00:00,,IBGE,0.040988386,0.8478794,0.11113222
Produção de vacinas demanda alianças globais,https://valor.globo.com/brasil/g20-no-brasil/noticia/2024/03/27/producao-de-vacinas-demanda-aliancas-globais.ghtml,        Ministra da Saúde coordena as discussões sobre o t...  ,2024-03-27 08:02:41+00:00,https://s2-valor.glbimg.com/oN-DlHYu0K6TVOziQCAc6kFP6gE=/i.s3.glbimg.com/v1/AUTH_63b422c2caee4269b8b34177e8876b93/internal_photos/bs/2024/I/6/ZSdeXNTD2CiExOS6CDqw/foto27rel-201-nisia-f8.jpg,Valor,0.19192357,0.19270019,0.61537623
Barron’s recomenda Mercado Livre; P/L de 44x é um dos menores desde 2017,https://braziljournal.com/tag/tecnologia-e-internet/,,,,Brazil Journal,0.19192357,0.19270019,0.61537623
Presidente Marcio Pochmann ministra aula inaugural dos cursos de mestrado e doutorado da ENCE ,http://agenciadenoticias.ibge.gov.br/agencia-noticias/2012-agencia-de-noticias/noticias/39410-presidente-marcio-pochmann-ministra-aula-inaugural-dos-cursos-de-mestrado-e-doutorado-da-ence-3.html,Novos docentes da ENCE acompanham aula inaugural com o Presidente Marcio Pochmann - Foto: Breno Siqueira/Agência IBGE Notícias O presidente Marcio Pochmann ministrou a aula inaugural para os cursos de mestrado e doutorado da Escola Nacional de Ciências...,2024-03-12 14:55:55,,IBGE,0.19192357,0.19270019,0.61537623
Computadores quânticos e IA: novos desafios judiciais,https://valor.globo.com/legislacao/coluna/computadores-quanticos-e-ia-novos-desafios-judiciais.ghtml,"    Antes da ampla adoção de computadores quânticos, h...  ",2024-03-27 08:02:38+00:00,,Valor,0.06821197,0.37031877,0.56146926
"Nubank pode se aliar à Oxxo ou Walmex no México, diz Bradesco",https://braziljournal.com/tag/research/,,,,Brazil Journal,0.06821197,0.37031877,0.56146926
"IPCA foi de 0,83% em fevereiro",http://agenciadenoticias.ibge.gov.br/agencia-sala-de-imprensa/2013-agencia-de-noticias/releases/39384-ipca-foi-de-0-83-em-fevereiro.html,"O Índice Nacional de Preços ao Consumidor Amplo (IPCA) de fevereiro foi de 0,83% e ficou 0,41 ponto percentual acima da taxa de janeiro (0,42%). No ano, o IPCA acumula alta de 1,25% e, nos últimos 12 meses, de 4,50%, próxima aos 4,51% observados nos 12...",2024-03-12 09:00:00,,IBGE,0.06821197,0.37031877,0.56146926
STJ decidirá sobre créditos da tese do século em recurso repetitivo,https://valor.globo.com/legislacao/noticia/2024/03/27/stj-decidira-sobre-creditos-da-tese-do-seculo-em-recurso-repetitivo.ghtml,        Julgamento tratará da admissibilidade de ação resc...  ,2024-03-27 08:02:36+00:00,https://s2-valor.glbimg.com/JfSt7TsInnPV-wkH8xXGkzwjbsM=/i.s3.glbimg.com/v1/AUTH_63b422c2caee4269b8b34177e8876b93/internal_photos/bs/2024/E/n/oSkGtaQjSmUE8TaVNtCw/foto27leg-111-regre-e1.jpg,Valor,0.056295518,0.19528016,0.74842423
JP Morgan dá ‘compra’ na Porto; vê competição mais racional,https://braziljournal.com/tag/research/,,,,Brazil Journal,0.056295518,0.19528016,0.74842423
"Inflação é de 0,83% em fevereiro, influenciada pela alta em Educação",http://agenciadenoticias.ibge.gov.br/agencia-noticias/2012-agencia-de-noticias/noticias/39387-inflacao-e-de-0-83-em-fevereiro-influenciada-pela-alta-em-educacao.html,"Com início do ano letivo, alta nos preços da Educação pressiona inflação do país - Foto: Acervo IBGE A inflação do país acelerou em fevereiro e registrou alta de 0,83%, após fechar janeiro em 0,42%. Os preços do grupo de Educação tiveram o maior...",2024-03-12 09:00:00,,IBGE,0.056295518,0.19528016,0.74842423
Cenário externo e risco político afastam estrangeiros,https://valor.globo.com/financas/noticia/2024/03/27/cenario-externo-e-risco-politico-afastam-estrangeiros.ghtml,        Investidor internacional já sacou R$ 22 bi da B3 n...  ,2024-03-27 08:02:34+00:00,https://s2-valor.glbimg.com/UeDH8s3t3rWUGP623s1uyu_vHUQ=/i.s3.glbimg.com/v1/AUTH_63b422c2caee4269b8b34177e8876b93/internal_photos/bs/2019/k/P/W4f0v7Rl2Hp5wA0AFLfQ/foto26fin-101-mercados-c2.jpg,Valor,0.032164108,0.93016404,0.03767182
BTG joga a toalha na Vale; rebaixa papel para ‘neutro’,https://braziljournal.com/tag/research/,,,,Brazil Journal,0.032164108,0.93016404,0.03767182
"Em fevereiro, IBGE prevê safra de 300,7 milhões de toneladas para 2024",http://agenciadenoticias.ibge.gov.br/agencia-sala-de-imprensa/2013-agencia-de-noticias/releases/39369-em-fevereiro-ibge-preve-safra-de-300-7-milhoes-de-toneladas-para-2024.html,"Em fevereiro, a produção de cereais, leguminosas e oleaginosas estimada para 2024 deve totalizar 300,7 milhões de toneladas, 4,7% menor que a obtida em 2023 (315,4 milhões de toneladas), com redução de 14,7 milhões de toneladas; e 0,9% abaixo da...",2024-03-12 09:00:00,,IBGE,0.032164108,0.93016404,0.03767182
‘Big techs’ recuam e pesam nas bolsas de NY,https://valor.globo.com/financas/noticia/2024/03/27/big-techs-recuam-e-pesam-nas-bolsas-de-ny.ghtml,"    Tombo foi liderado pela baixa de 2,5% das ações da...  ",2024-03-27 08:02:31+00:00,,Valor,0.03598726,0.93274826,0.031264525
Quem ganha e quem perde com o ‘boom’ da BYD e GWM no Brasil,https://braziljournal.com/tag/carro-eletrico/,,,,Brazil Journal,0.03598726,0.93274826,0.031264525
"Ainda sob efeito de problemas climáticos, estimativa de fevereiro aponta safra de 300,7 milhões de toneladas para 2024",http://agenciadenoticias.ibge.gov.br/agencia-noticias/2012-agencia-de-noticias/noticias/39370-ainda-sob-efeito-de-problemas-climaticos-estimativa-de-fevereiro-aponta-safra-de-300-7-milhoes-de-toneladas-para-2024.html,"A queda na produção de soja (-0,8%) de janeiro para fevereiro impactou fortemente a estimativa da produção agrícola para 2024 - Foto: Gilson Abreu/AEN-PR O Levantamento Sistemático da Produção Agrícola (LSPA), divulgado hoje (12) pelo IBGE, mostra que a...",2024-03-12 09:00:00,,IBGE,0.03598726,0.93274826,0.031264525
Cautela do Copom pressiona mercado,https://valor.globo.com/financas/noticia/2024/03/27/cautela-do-copom-pressiona-mercado.ghtml,        Ata de reunião da semana passada enumera incerteza...  ,2024-03-27 08:02:29+00:00,https://s2-valor.glbimg.com/wQ1tp6MqNKGQaWdcrIThspitD7Y=/i.s3.glbimg.com/v1/AUTH_63b422c2caee4269b8b34177e8876b93/internal_photos/bs/2024/P/F/Al3d3uRnCjvy4Tgj9gtA/foto27fin-101-ata-c2.jpg,Valor,0.03429167,0.9195114,0.04619697
"Os cinco motivos para comprar C&A, segundo a XP",https://braziljournal.com/tag/research/,,,,Brazil Journal,0.03429167,0.9195114,0.04619697
"Com maior alta na região Centro-Oeste, preços da construção variam 0,15% em fevereiro",http://agenciadenoticias.ibge.gov.br/agencia-noticias/2012-agencia-de-noticias/noticias/39383-com-maior-alta-na-regiao-centro-oeste-precos-da-construcao-variam-0-15-em-fevereiro.html,"Parcela dos materiais variou 0,17% em fevereiro, registrando alta tanto em relação a janeiro (0,14%), quanto a fevereiro de 2023 (0,10%) - Foto: Helena Pontes/Agência de Notícias IBGE O Índice Nacional da Construção Civil (Sinapi), divulgado hoje (12)...",2024-03-12 09:00:00,,IBGE,0.03429167,0.9195114,0.04619697
Regra de debênture deve excluir outorga,https://valor.globo.com/financas/noticia/2024/03/27/regra-de-debenture-deve-excluir-outorga.ghtml,"        Minuta do texto, que deve ser publicado hoje, elim...  ",2024-03-27 08:02:23+00:00,https://s2-valor.glbimg.com/BfdxQHKi4UhOf_OW4437ISqMTt4=/i.s3.glbimg.com/v1/AUTH_63b422c2caee4269b8b34177e8876b93/internal_photos/bs/2024/c/s/zmY3iBSwGVta1KCJ7H7A/foto27fin-101-deben-c3.jpg,Valor,0.03592427,0.8125829,0.15149291
"Na Renner, a coisa pode estar melhor do que parece",https://braziljournal.com/tag/research/,,,,Brazil Journal,0.03592427,0.8125829,0.15149291
"Em fevereiro, Índice Nacional da Construção Civil é de 0,15%",http://agenciadenoticias.ibge.gov.br/agencia-sala-de-imprensa/2013-agencia-de-noticias/releases/39382-em-fevereiro-indice-nacional-da-construcao-civil-e-de-0-15.html,"O Índice Nacional da Construção Civil (Sinapi) variou 0,15% em fevereiro, caindo 0,04 ponto percentual (p.p.) em relação a janeiro de 2024 (0,19%). Em relação a fevereiro de 2023 (0,08%), a taxa foi maior em 0,07 p.p. O acumulado nos últimos doze meses...",2024-03-12 09:00:00,,IBGE,0.03592427,0.8125829,0.15149291
Os empurrões para ajudar na decisão de investimento,https://valor.globo.com/financas/coluna/os-empurroes-para-ajudar-na-decisao-de-investimento.ghtml,    Escolha dos incentivos pode estimular ou desencora...  ,2024-03-27 08:02:20+00:00,,Valor,0.100021824,0.09191339,0.8080648
XP dá à TIM Brasil o maior preço-alvo do sellside e diz que telcos merecem prêmio,https://braziljournal.com/tag/research/,,,,Brazil Journal,0.100021824,0.09191339,0.8080648
"Diretoras de Geociências e de Pesquisas tomam posse, e IBGE já tem três mulheres no conselho diretor",http://agenciadenoticias.ibge.gov.br/agencia-noticias/2012-agencia-de-noticias/noticias/39399-diretoras-de-geociencias-e-de-pesquisas-tomam-posse-e-ibge-ja-tem-tres-mulheres-no-conselho-diretor.html,"Marcio Pochmann formaliza posse das novas diretoras - Foto: Adriana Saraiva/Agência IBGE Notícias O IBGE deu posse hoje, 11, às novas diretoras da Diretoria de Pesquisas (DPE), Elizabeth Belo Hypolito, e da Diretoria de Geociências (DGC), Ivone Lopes...",2024-03-11 17:59:00,,IBGE,0.100021824,0.09191339,0.8080648
Papel fiduciário ganha ênfase em carta da BlackRock,https://valor.globo.com/financas/noticia/2024/03/27/papel-fiduciario-ganha-enfase-em-carta-da-blackrock.ghtml,        Tema da sustentabilidade esteve presente de uma fo...  ,2024-03-27 08:02:17+00:00,https://s2-valor.glbimg.com/vXBnYmHlvGkTWbv9ptzAiSSKV4c=/i.s3.glbimg.com/v1/AUTH_63b422c2caee4269b8b34177e8876b93/internal_photos/bs/2024/x/K/BocOmOSHKWBFvucKssJg/foto27fin-201-black-c6.jpg,Valor,0.11694302,0.070048414,0.8130085
Como avançar em diversidade e inclusão: o caso da Vale,https://braziljournal.com/on-business/como-avancar-em-diversidade-e-inclusao-o-caso-da-vale/,,2024-03-25 11:07:29.415850,,Brazil Journal,0.11694302,0.070048414,0.8130085
IBGE divulga em Florianópolis (SC) novos resultados do Censo 2022,http://agenciadenoticias.ibge.gov.br/agencia-noticias/2012-agencia-de-noticias/noticias/39398-ibge-divulga-em-florianopolis-sc-novos-resultados-do-censo-2022.html,"Foto: Ricardo Wolffenbttel/SECOM-SC O IBGE divulgará, em 21 de março, às 10h, no Auditório da Associação dos Municípios da Grande Florianópolis (GRANFPOLIS), os resultados do Censo Demográfico 2022: Agregados por Setores Censitários preliminares -...",2024-03-11 17:15:00,,IBGE,0.11694302,0.070048414,0.8130085
Visa e Mastercard fazem acordo de US$ 30 bi nos EUA,https://valor.globo.com/financas/noticia/2024/03/27/visa-e-mastercard-fazem-acordo-de-us-30-bi-nos-eua.ghtml,    Estabelecimentos comerciais poderão cobrar preços...  ,2024-03-27 08:02:15+00:00,,Valor,0.44903013,0.07903612,0.47193378
Mulheres na mineração: a diversidade ganhando quilate,https://braziljournal.com/on-business/mulheres-na-mineracao-a-diversidade-ganhando-quilate/,,2024-03-25 11:07:29.416477,,Brazil Journal,0.44903013,0.07903612,0.47193378
Agenda IBGE de 11 a 17 de março é disponibilizada,http://agenciadenoticias.ibge.gov.br/agencia-noticias/2012-agencia-de-noticias/noticias/39362-agenda-ibge-de-11-a-17-de-marco-e-disponibilizada.html,"Agenda IBGE traz a programação do instituto para a semana - Foto: Bel Corção/Brasil com S Já está disponível a Agenda IBGE com as reuniões e eventos do Instituto para a semana do dia 11 a 17 de março, contemplando as divulgações, as reuniões internas e...",2024-03-11 09:00:00,,IBGE,0.44903013,0.07903612,0.47193378
Curtas,https://valor.globo.com/mundo/noticia/2024/03/27/8b1d76cf-curtas.ghtml,"    FMI alerta Argentina
O FMI alertou ontem o governo...  ",2024-03-27 08:02:00+00:00,,Valor,0.20639014,0.3093267,0.48428312
Inclusão econômica e transição energética são os desafios mais importantes desta era,https://braziljournal.com/on-business/inclusao-economica-e-transicao-energetica-sao-os-desafios-mais-importantes-desta-era/,,2024-03-24 11:07:29.416921,,Brazil Journal,0.20639014,0.3093267,0.48428312
"Em Brasília, IBGE amplia Diálogos Institucionais visando o fortalecimento da carreira, comunicação e parcerias",http://agenciadenoticias.ibge.gov.br/agencia-noticias/2012-agencia-de-noticias/noticias/39365-em-brasilia-ibge-amplia-dialogos-institucionais-visando-o-fortalecimento-da-carreira-comunicacao-e-parcerias.html,Presidente do IBGE com a ministra Sonia Guajajara em entendimentos sobre o mapeamento fundiário das terras indígenas – Fotos: Acervo IBGE O Instituto Brasileiro de Geografia e Estatística (IBGE) realizou em Brasília novas rodadas de reuniões dos Diálogos...,2024-03-08 16:45:00,,IBGE,0.20639014,0.3093267,0.48428312
Hamas pede fim de ajuda por aviões em Gaza,https://valor.globo.com/mundo/noticia/2024/03/27/hamas-pede-fim-de-ajuda-por-avioes-em-gaza.ghtml,        Matéria exclusiva para assinantes. Para ter acesso...  ,2024-03-27 08:01:57+00:00,https://s2-valor.glbimg.com/TETcdViZznHTkMoniIFZ3xwzYYI=/i.s3.glbimg.com/v1/AUTH_63b422c2caee4269b8b34177e8876b93/internal_photos/bs/2024/B/h/fNBxIMSjyQWjtdleCxvg/foto27int-401-tlgaza-a15.jpg,Valor,0.029559553,0.926887,0.043553486
Fintechs deverão crescer dois dígitos ao ano até 2028,https://braziljournal.com/on-business/fintechs-deverao-crescer-dois-digitos-ao-ano-ate-2028/,,2024-03-23 11:07:29.417337,,Brazil Journal,0.029559553,0.926887,0.043553486
"Mulheres pretas ou pardas gastam mais tempo em tarefas domésticas, participam menos do mercado de trabalho e são mais afetadas pela pobreza",http://agenciadenoticias.ibge.gov.br/agencia-noticias/2012-agencia-de-noticias/noticias/39358-mulheres-pretas-ou-pardas-gastam-mais-tempo-em-tarefas-domesticas-participam-menos-do-mercado-de-trabalho-e-sao-mais-afetadas-pela-pobreza.html,"Em 2022, mulheres pretas ou pardas dedicaram 1,6 hora a mais por semana a afazeres domésticos e cuidados de pessoas do que as brancas - Foto: Licia Rubinstein/Agência IBGE Notícias No Brasil, as mulheres pretas ou pardas são mais afetadas pelas...",2024-03-08 10:00:00,,IBGE,0.029559553,0.926887,0.043553486
Europeus pedem alívio de lei antidesmatamento,https://valor.globo.com/mundo/noticia/2024/03/27/europeus-pedem-alivio-de-lei-antidesmatamento.ghtml,    Países alegam que medida prejudica os agricultores...  ,2024-03-27 08:01:54+00:00,,Valor,0.046296746,0.85660714,0.09709616
"Rumo investirá R$ 2,5 bi no Porto de Santos – porque o agronegócio não pode parar",https://braziljournal.com/rumo-investira-r-25-bi-no-porto-de-santos-porque-o-agronegocio-nao-pode-parar/,,2024-03-01 11:07:29.417717,,Brazil Journal,0.046296746,0.85660714,0.09709616
Webinários do Hub Regional para Big Data discutem experimentos com dados alternativos,http://agenciadenoticias.ibge.gov.br/agencia-noticias/2012-agencia-de-noticias/noticias/39351-webinarios-do-hub-regional-para-big-data-discutem-experimentos-com-dados-alternativos.html,"O Hub Regional da ONU para Big Data no Brasil realizará uma série de webinários para apresentar experiências de utilização de fontes de dados alternativos na produção de indicadores confiáveis. O primeiro seminário será em 15 de março, às 13h, e abordará...",2024-03-07 09:28:32,,IBGE,0.046296746,0.85660714,0.09709616
IPCA-15 acima da expectativa confirma alertas do Copom,https://valor.globo.com/opiniao/noticia/2024/03/27/ipca-15-acima-da-expectativa-confirma-alertas-do-copom.ghtml,    Ainda há espaço para os juros caírem abaixo da pro...  ,2024-03-27 08:01:51+00:00,,Valor,0.040736727,0.8871121,0.07215113
"Apple, Google, Meta: agora, na mira da UE",https://braziljournal.com/tag/regulacao/,,,,Brazil Journal,0.040736727,0.8871121,0.07215113
"Produção industrial recua 1,6% em janeiro",http://agenciadenoticias.ibge.gov.br/agencia-sala-de-imprensa/2013-agencia-de-noticias/releases/39344-producao-industrial-recua-1-6-em-janeiro.html,"Em janeiro de 2024, a produção industrial nacional recuou 1,6% frente a dezembro de 2023, na série com ajuste sazonal. Na comparação com janeiro de 2023, a indústria cresceu 3,6%, registrando o sexto resultado positivo consecutivo neste tipo de...",2024-03-06 09:00:00,,IBGE,0.040736727,0.8871121,0.07215113
Problemas nas tarifas de “bandeiras” dos cartões,https://valor.globo.com/opiniao/coluna/problemas-nas-tarifas-de-bandeiras-dos-cartoes.ghtml,        Aumento das taxas dispara um sinal de alerta para...  ,2024-03-27 08:01:49+00:00,https://s2-valor.glbimg.com/wqTvGFbEkCGPs3wxHpcIXY8vHNY=/i.s3.glbimg.com/v1/AUTH_63b422c2caee4269b8b34177e8876b93/internal_photos/bs/2024/p/f/l0zEDgToau08LtcJjfag/27opin-200-col-op1-a16-img01.jpg,Valor,0.031768475,0.9312685,0.036963005
Ânima melhora margem e tem mais um tri de desalavancagem,https://braziljournal.com/tag/educacao/,,,,Brazil Journal,0.031768475,0.9312685,0.036963005
"Produção industrial recua 1,6% em janeiro após dois meses em alta",http://agenciadenoticias.ibge.gov.br/agencia-noticias/2012-agencia-de-noticias/noticias/39345-producao-industrial-recua-1-6-em-janeiro-apos-dois-meses-em-alta.html,"Indústrias extrativistas e produtos alimentícios influenciam recuo da indústria em janeiro de 2024 - Foto: Agência Vale A produção industrial recuou 1,6% na passagem de dezembro de 2023 para janeiro de 2024, após acumular expansão de 2,9% no período...",2024-03-06 09:00:00,,IBGE,0.031768475,0.9312685,0.036963005
Cartas de Leitores,https://valor.globo.com/opiniao/noticia/2024/03/27/130ad7a0-cartas-de-leitores.ghtml,"    Macron no Brasil
Não segurem a respiração. Aqueles...  ",2024-03-27 08:01:45+00:00,,Valor,0.20605168,0.19938618,0.5945621
EXCLUSIVO: Vivara nomeia Otavio Lyra CEO; Kaufman presidirá o conselho,https://braziljournal.com/tag/governanca-corporativa/,,,,Brazil Journal,0.20605168,0.19938618,0.5945621
IBGE discute o presente e o futuro das estatísticas no mundo na 55ª Sessão da Comissão de Estatística da ONU,http://agenciadenoticias.ibge.gov.br/agencia-noticias/2012-agencia-de-noticias/noticias/39321-ibge-discute-o-presente-e-o-futuro-das-estatisticas-no-mundo-na-55-sessao-da-comissao-de-estatistica-da-onu.html,"A delegação do IBGE participou de 32 Sessões ordinárias e 8 eventos paralelos - Foto: Arquivo UNSC O presente e o futuro das estatísticas globais, integração regional, novos indicadores ambientais e a retomada do protagonismo internacional do Instituto...",2024-03-05 15:00:42,,IBGE,0.20605168,0.19938618,0.5945621
Frase do dia,https://valor.globo.com/opiniao/noticia/2024/03/27/b1c1c03f-frase-do-dia.ghtml,    Matéria exclusiva para assinantes. Para ter acesso...  ,2024-03-27 08:01:43+00:00,,Valor,0.28703743,0.19884369,0.5141189
"EXCLUSIVO: Ultrapar pode ter 27% da Hidrovias comprando Pátria, Temasek",https://braziljournal.com/tag/estrategia-corporativa/,,,,Brazil Journal,0.28703743,0.19884369,0.5141189
"Índice de Preços ao Produtor (IPP) é de -0,31% em janeiro",http://agenciadenoticias.ibge.gov.br/agencia-sala-de-imprensa/2013-agencia-de-noticias/releases/39319-indice-de-precos-ao-produtor-ipp-e-de-0-31-em-janeiro.html,"Em janeiro de 2024, os preços da indústria variaram -0,31% frente a dezembro de 2023, terceiro resultado negativo seguido. Nessa comparação, 8 das 24 atividades industriais tiveram redução de preços. O acumulado em 12 meses ficou em -5,56%. Em janeiro de...",2024-03-05 09:00:00,,IBGE,0.28703743,0.19884369,0.5141189
"O fascismo mudou, mas não está morto",https://valor.globo.com/opiniao/coluna/o-fascismo-mudou-mas-nao-esta-morto.ghtml,        O que se vê hoje é um autoritarismo com caracterís...  ,2024-03-27 08:01:40+00:00,https://s2-valor.glbimg.com/VD7qZqLMNGIxT8Hn59kusXhx6vA=/i.s3.glbimg.com/v1/AUTH_63b422c2caee4269b8b34177e8876b93/internal_photos/bs/2024/L/L/oAH63jQhuB2UlKbEhrqg/27opin-200-col-op3-a17-img01.jpg,Valor,0.040743496,0.81497777,0.14427875
Debêntures incentivadas: Governo quer (de novo) mexer no que funciona,https://braziljournal.com/debentures-incentivadas-governo-quer-de-novo-mexer-no-que-funciona/,,2024-03-03 11:07:29.418160,,Brazil Journal,0.040743496,0.81497777,0.14427875
"Preços da indústria caem 0,31% em janeiro, terceira queda consecutiva",http://agenciadenoticias.ibge.gov.br/agencia-noticias/2012-agencia-de-noticias/noticias/39320-precos-da-industria-caem-0-31-em-janeiro-terceira-queda-consecutiva.html,"O setor de refino de petróleo e biocombustíveis (-4,77%) foi o que teve variação mais intensa e maior influência (-0,51 p.p.) no IPP de janeiro - Foto: André Motta de Souza/Petrobras Pela terceira vez consecutiva, os preços da indústria nacional...",2024-03-05 09:00:00,,IBGE,0.040743496,0.81497777,0.14427875
Novos inquéritos podem surgir na esteira do caso Marielle,https://valor.globo.com/politica/noticia/2024/03/27/novos-inqueritos-podem-surgir-na-esteira-do-caso-marielle.ghtml,        Polícia Federal acautela-se e vai continuar invest...  ,2024-03-27 08:01:37+00:00,https://s2-valor.glbimg.com/hrbYcEsztPbPxtX8fB5EkvdLtLE=/i.s3.glbimg.com/v1/AUTH_63b422c2caee4269b8b34177e8876b93/internal_photos/bs/2024/R/u/zlN8CJTcmhcJGNBajmOQ/foto27pol-201-marielle-a11.jpg,Valor,0.034966562,0.84183705,0.123196386
"Dez anos sem Claudio Abbado, o mais humano dos maestros",https://braziljournal.com/tag/musica/,,,,Brazil Journal,0.034966562,0.84183705,0.123196386
Já está disponível a Agenda IBGE de 4 a 10 de março,http://agenciadenoticias.ibge.gov.br/agencia-noticias/2012-agencia-de-noticias/noticias/39312-ja-esta-disponivel-a-agenda-ibge-de-4-a-10-de-marco.html,"Agenda IBGE traz a programação do instituto para a semana - Foto: Bel Corção/Brasil com S O IBGE divulgou hoje (4), às 9h, a Agenda IBGE. Com reuniões internas e externas, eventos e atividades, a Agenda traz a programação do Instituto para a semana dos...",2024-03-04 09:00:00,,IBGE,0.034966562,0.84183705,0.123196386
Frentes têm projeto para regulamentar desoneração da cesta básica,https://valor.globo.com/politica/noticia/2024/03/27/frentes-tem-projeto-para-regulamentar-desoneracao-da-cesta-basica.ghtml,        Proposta autoriza o governo a zerar as alíquotas d...  ,2024-03-27 08:01:35+00:00,https://s2-valor.glbimg.com/YUpUD7Rkm_K8RqECLZle5DTepZw=/i.s3.glbimg.com/v1/AUTH_63b422c2caee4269b8b34177e8876b93/internal_photos/bs/2024/G/m/1XIxnkT8OBaK1kmhAWRw/foto27pol-101-cesta-a12.jpg,Valor,0.08139224,0.08577742,0.83283037
Gary veio ensinar inglês na Rocinha. Motoboys agora são programadores,https://braziljournal.com/tag/tecnologia-e-internet/,,,,Brazil Journal,0.08139224,0.08577742,0.83283037
"PIB cresce 2,9% em 2023 e fecha o ano em R$ 10,9 trilhões",http://agenciadenoticias.ibge.gov.br/agencia-sala-de-imprensa/2013-agencia-de-noticias/releases/39303-pib-cresce-2-9-em-2023-e-fecha-o-ano-em-r-10-9-trilhoes.html,"Em 2023, o PIB (Produto Interno Bruto) cresceu 2,9% frente a 2022. Houve crescimentos na Agropecuária (15,1%), na Indústria (1,6%) e em Serviços (2,4%). Período de comparação Indicadores PIB AGROP INDUS SERV FBCF CONS. FAM CONS. GOV Trimestre / trimestre...",2024-03-01 09:00:00,,IBGE,0.08139224,0.08577742,0.83283037
"Leilão de transmissão prevê investimentos de R$ 18,2 bi com expectativa de disputa e descontos",https://valor.globo.com/empresas/noticia/2024/03/27/leilao-de-transmissao-preve-investimentos-de-r-182-bi-com-expectativa-de-disputa-e-descontos.ghtml,        Alta demanda por equipamentos e escassez de mão de...  ,2024-03-27 08:01:31+00:00,https://s2-valor.glbimg.com/w7ryOISj6idFpR7slYmwWl59rsw=/i.s3.glbimg.com/v1/AUTH_63b422c2caee4269b8b34177e8876b93/internal_photos/bs/2024/X/A/lpQjQwRfAxoiPt4ySRZw/arte27emp-101-leilao-b1.jpg,Valor,0.7529689,0.043480065,0.20355105
"O cru e o grotesco de Francis Bacon, numa exposição épica do MASP",https://braziljournal.com/tag/arte/,,,,Brazil Journal,0.7529689,0.043480065,0.20355105
"Com alta recorde da Agropecuária, PIB fecha 2023 em 2,9%",http://agenciadenoticias.ibge.gov.br/agencia-noticias/2012-agencia-de-noticias/noticias/39306-com-alta-recorde-da-agropecuaria-pib-fecha-2023-em-2-9.html,Agropecuária apresentou o crescimento recorde em 2023 com aumento na produção de milho e soja - Foto - Jaelson Lucas-AEN-PR O Produto Interno Bruto (PIB) do país apresentou estabilidade no quarto trimestre de 2023 e encerrou o ano com crescimento de...,2024-03-01 09:00:00,,IBGE,0.7529689,0.043480065,0.20355105
Resultados fracos derrubam ação da Casas Bahia,https://valor.globo.com/empresas/noticia/2024/03/27/resultados-fracos-derrubam-acao-da-casas-bahia.ghtml,    A Casas Bahia voltou a ter mais um trimestre de nú...  ,2024-03-27 08:01:29+00:00,,Valor,0.056950767,0.9055807,0.037468612
"Um hotel descolado, para millennials abastados. Janu, a nova marca do Aman",https://braziljournal.com/tag/luxo/,,,,Brazil Journal,0.056950767,0.9055807,0.037468612
"PNAD Contínua: taxa de desocupação é de 7,6% e taxa de subutilização é de 17,6% no trimestre encerrado em janeiro",http://agenciadenoticias.ibge.gov.br/agencia-sala-de-imprensa/2013-agencia-de-noticias/releases/39283-pnad-continua-taxa-de-desocupacao-e-de-7-6-e-taxa-de-subutilizacao-e-de-17-6-no-trimestre-encerrado-em-janeiro.html,"A taxa de desocupação (7,6%) no trimestre encerrado em janeiro de 2024 ficou estável frente ao trimestre de agosto a outubro de 2024 (7,6%) e caiu 0,7 p.p. ante o mesmo trimestre móvel de 2023 (8,4%). Indicador/Período Nov-Dez-Jan 2024 Ago-Set-Out 2023...",2024-02-29 09:00:00,,IBGE,0.056950767,0.9055807,0.037468612
Lição de casa,https://valor.globo.com/empresas/coluna/licao-de-casa.ghtml,"    Transformação digital não é mais um item opcional,...  ",2024-03-27 08:01:26+00:00,,Valor,0.23168465,0.20325886,0.5650565
"Taxa de desocupação fica em 7,6% no tri encerrado em janeiro, enquanto ocupação e rendimento crescem ",http://agenciadenoticias.ibge.gov.br/agencia-noticias/2012-agencia-de-noticias/noticias/39284-taxa-de-desocupacao-fica-em-7-6-no-tri-encerrado-em-janeiro-enquanto-ocupacao-e-rendimento-crescem.html,"Setor de Transportes, Armazenagem e Correios foi um dos que mais contribuíram para o aumento da população ocupada. Foto: Freepik A taxa de desocupação para o trimestre móvel encerrado em janeiro de 2024 ficou em 7,6%, mesmo percentual do trimestre móvel...",2024-02-29 09:00:00,,IBGE,0.23168465,0.20325886,0.5650565
Biden rules:  Mais de 50% dos carros vendidos nos EUA até 2032 serão elétricos,https://braziljournal.com/biden-rules-mais-de-50-dos-carros-vendidos-nos-eua-ate-2032-serao-eletricos/,,2024-03-06 11:07:29.419007,,Brazil Journal,0.11721916,0.063785404,0.8189954
"IBGE debate ODS, estatísticas para inclusão e integração regional na 55ª Sessão da Comissão de Estatística da ONU",http://agenciadenoticias.ibge.gov.br/agencia-noticias/2012-agencia-de-noticias/noticias/39288-ibge-debate-ods-estatisticas-para-inclusao-e-integracao-regional-na-55-sessao-da-comissao-de-estatistica-da-onu.html,"No primeiro dia da 55ª Sessão da Comissão de Estatística da ONU, a delegação do IBGE participou de debates sobre os ODS - Foto: Acervo IBGE No primeiro dia da 55ª Sessão da Comissão de Estatística da ONU, realizada na cidade de Nova York, nos Estados...",2024-02-28 16:55:04,,IBGE,0.11721916,0.063785404,0.8189954
Petrobras vai iniciar estudos sobre geração no mar,https://valor.globo.com/empresas/noticia/2024/03/27/petrobras-vai-iniciar-estudos-sobre-geracao-no-mar.ghtml,    Um dos estudos envolve a realização de projetos-pi...  ,2024-03-27 08:01:21+00:00,,Valor,0.06641602,0.12603027,0.8075537
IBGE divulgará em Florianópolis os resultados do Censo 2022: Agregados por Setores Censitários preliminares - População e domicílios e Malha de Setores Censitários Preliminares ,http://agenciadenoticias.ibge.gov.br/agencia-noticias/2012-agencia-de-noticias/noticias/39282-ibge-divulgara-em-florianopolis-os-resultados-do-censo-2022-agregados-por-setores-censitarios-preliminares-populacao-e-domicilios.html,"Foto: Ricardo Wolffenbüttel/SECOM-SC A cidade de Florianópolis, capital do estado de Santa Catarina, foi escolhida pelo Instituto Brasileiro de Geografia e Estatística (IBGE) para sediar no dia 21 de março, às 10h, o lançamento dos resultados do “Censo...",2024-02-28 13:30:49,,IBGE,0.06641602,0.12603027,0.8075537
Eólicas esperam lei para investir em projetos ‘offshore’,https://valor.globo.com/empresas/noticia/2024/03/27/eolicas-esperam-lei-para-investir-em-projetos-offshore.ghtml,        Maturação de projetos eólicos no mar demandam praz...  ,2024-03-27 08:01:16+00:00,https://s2-valor.glbimg.com/oo52VyyXab-cPa158Y2BYMZw3vo=/i.s3.glbimg.com/v1/AUTH_63b422c2caee4269b8b34177e8876b93/internal_photos/bs/2024/V/5/Ok0zoTRxAm7WjorzZYNg/foto27emp-111-eolica-b4.jpg,Valor,0.09005564,0.083910406,0.8260339
IBGE divulga rendimento domiciliar per capita 2023 para Brasil e unidades da federação,http://agenciadenoticias.ibge.gov.br/agencia-sala-de-imprensa/2013-agencia-de-noticias/releases/39262-ibge-divulga-rendimento-domiciliar-per-capita-2023-para-brasil-e-unidades-da-federacao.html,"O IBGE divulga hoje os valores dos rendimentos domiciliares per capita referentes a 2023 para o Brasil e unidades da federação, calculados com base na Pesquisa Nacional por Amostra de Domicílios (PNAD) Contínua. O rendimento domiciliar per capita para o...",2024-02-28 10:00:00,,IBGE,0.09005564,0.083910406,0.8260339
"Para Aço Verde, não é hora de IPO, nem de grandes expansões",https://valor.globo.com/empresas/noticia/2024/03/27/para-aco-verde-nao-e-hora-de-ipo-nem-de-grandes-expansoes.ghtml,        Empresa fechou 2023 com quedas de 9% na receita lí...  ,2024-03-27 08:01:14+00:00,https://s2-valor.glbimg.com/S2BKnAbrNAOPdutHYk5ayX3Rh-8=/i.s3.glbimg.com/v1/AUTH_63b422c2caee4269b8b34177e8876b93/internal_photos/bs/2024/N/c/yy5fECTN2yUqNXzWzthw/foto27emp-101-verde-b5.jpg,Valor,0.058607697,0.80953395,0.13185836
Controlador da Blau sonha com a Nasdaq. “Mercado brasileiro é curtoprazista”,https://braziljournal.com/tag/farmaceuticas/,,,,Brazil Journal,0.058607697,0.80953395,0.13185836
“Enem dos Concursos”: quase 1 milhão de inscritos para vagas no IBGE,http://agenciadenoticias.ibge.gov.br/agencia-noticias/2012-agencia-de-noticias/noticias/39271-enem-dos-concursos-quase-1-milhao-de-inscritos-para-vagas-no-ibge.html,"IBGE recebeu 996.395 inscrições no “Enem dos Concursos” A ministra da Gestão e da Inovação em Serviços Públicos, Esther Dweck, apresentou, na última sexta-feira (23), o balanço final das inscrições do Concurso Público Nacional Unificado (CPNU). Dos...",2024-02-27 15:30:00,,IBGE,0.058607697,0.80953395,0.13185836
Movimento falimentar,https://valor.globo.com/empresas/noticia/2024/03/27/ae2c6e0c-movimento-falimentar.ghtml,    Falências Requeridas Matéria exclusiva para assina...  ,2024-03-27 08:01:12+00:00,,Valor,0.73907083,0.054111883,0.20681728
"Fed não precisa ter pressa para cortar, diz BlackRock",https://braziljournal.com/tag/eua/,,,,Brazil Journal,0.73907083,0.054111883,0.20681728
"IPCA-15 é de 0,78% em fevereiro",http://agenciadenoticias.ibge.gov.br/agencia-sala-de-imprensa/2013-agencia-de-noticias/releases/39260-ipca-15-e-de-0-78-em-fevereiro.html,"O Índice Nacional de Preços ao Consumidor Amplo 15 (IPCA-15) foi de 0,78% em fevereiro e ficou 0,47 ponto percentual (p.p.) acima da taxa de janeiro (0,31%). No ano, o IPCA-15 acumula alta de 1,09% e, em 12 meses, de 4,49%, acima dos 4,47% observados nos...",2024-02-27 09:00:00,,IBGE,0.73907083,0.054111883,0.20681728
CVC ‘arruma casa’ e espera voltar a gerar caixa em 2024,https://valor.globo.com/empresas/noticia/2024/03/27/cvc-arruma-casa-e-espera-voltar-a-gerar-caixa-em-2024.ghtml,    A empresa fez ajustes nos dois últimos trimestres...  ,2024-03-27 08:01:09+00:00,,Valor,0.026830044,0.9211363,0.05203371
"Só se fala em IA, mas falta STEM no Brasil, diz chefe da Microsoft",https://braziljournal.com/tag/inteligencia-artificial/,,,,Brazil Journal,0.026830044,0.9211363,0.05203371
"Com impacto de Educação, IPCA-15 é de 0,78% em fevereiro",http://agenciadenoticias.ibge.gov.br/agencia-noticias/2012-agencia-de-noticias/noticias/39264-com-impacto-de-educacao-ipca-15-e-de-0-78-em-fevereiro.html,"Por conta dos reajustes praticados no início do ano letivo, Educação (5,07%) impacta no resultado do IPCA-15 de fevereiro - Foto: Tomaz Silva/Agência Brasil A prévia da inflação ficou em 0,78% em fevereiro, 0,47 ponto percentual (p.p.) maior que a de...",2024-02-27 09:00:00,,IBGE,0.026830044,0.9211363,0.05203371
"Atacarejo precisa evoluir, diz CEO do Assaí",https://braziljournal.com/tag/varejo-e-consumo/,,,,Brazil Journal,0.057042114,0.093993165,0.84896475
"IBGE realiza oficina para 180 gestores públicos, educadores e estudantes em Diadema (SP)",http://agenciadenoticias.ibge.gov.br/agencia-noticias/2012-agencia-de-noticias/noticias/39266-titulo-ibge-realiza-oficina-para-180-gestores-publicos-educadores-e-estudantes-em-diadema-sp.html,"Cento e oitenta pessoas participaram da oficina de capacitação técnica em ferramentas digitais do IBGE, em Diadema (SP) - Foto: Ralph Izumi/IBGE O IBGE realizou, na tarde da última sexta-feira (23), a oficina de capacitação técnica Um território de...",2024-02-26 17:24:00,,IBGE,0.057042114,0.093993165,0.84896475
Credor pede à Justiça para rejeitar pedido da Subway,https://valor.globo.com/empresas/noticia/2024/03/27/credor-pede-a-justica-para-rejeitar-pedido-da-subway.ghtml,"    Com dívidas de quase R$ 500 milhões, SouthRock ped...  ",2024-03-27 08:01:05+00:00,,Valor,0.06773944,0.097599834,0.8346607
VanEck compra a Investo. É uma aposta no mercado brasileiro de ETFs,https://braziljournal.com/tag/gestores/,,,,Brazil Journal,0.06773944,0.097599834,0.8346607
"IBGE participa da 55ª Sessão da Comissão de Estatística da ONU, em Nova York",http://agenciadenoticias.ibge.gov.br/agencia-noticias/2012-agencia-de-noticias/noticias/39257-ibge-participa-55-sessao-da-comissao-de-estatistica-da-onu-em-nova-york.html,"O Instituto Brasileiro de Geografia e Estatística (IBGE) participa da 55ª Sessão da Comissão de Estatística da ONU e seus eventos paralelos, realizada em Nova York, nos Estados Unidos, de 27 de fevereiro a 1 de março. A Comissão de Estatística da ONU,...",2024-02-26 12:43:16,,IBGE,0.06773944,0.097599834,0.8346607
"‘Empresas devem se envolver na pauta política’, diz Elkington",https://valor.globo.com/empresas/noticia/2024/03/27/empresas-devem-se-envolver-na-pauta-politica-diz-elkington.ghtml,"        John Elkington, criador do Triple Bottom Line, afi...  ",2024-03-27 08:01:03+00:00,https://s2-valor.glbimg.com/Z9Pn7uP1ZkrEUBvEmPeleKDkSOE=/i.s3.glbimg.com/v1/AUTH_63b422c2caee4269b8b34177e8876b93/internal_photos/bs/2024/J/h/42KKsqRKqLF60Xo66zRQ/foto27emp-201-esg-b9.jpg,Valor,0.9357162,0.03264496,0.031638853
"HSI quer diversificar o passivo. “O Brasil mudou,” diz Max Lima",https://braziljournal.com/tag/wealth-journal/,,,,Brazil Journal,0.9357162,0.03264496,0.031638853
O que prevê o PL dos motoristas,https://valor.globo.com/empresas/noticia/2024/03/27/o-que-preve-o-pl-dos-motoristas.ghtml,"    Pelo Projeto de Lei 12/2024, do governo federal, t...  ",2024-03-27 08:01:00+00:00,,Valor,0.565365,0.14844853,0.28618643
"Energisa compra a Clarke, um “corretor e contador” do mercado livre de energia",https://braziljournal.com/tag/setor-eletrico/,,,,Brazil Journal,0.565365,0.14844853,0.28618643
Lucro líquido da Eletromídia cresce 80% e receita sobe 17%,https://valor.globo.com/empresas/noticia/2024/03/27/lucro-liquido-da-eletromidia-cresce-80-e-receita-sobe-17.ghtml,        O desempenho financeiro foi pavimentado pelo inves...  ,2024-03-27 08:00:57+00:00,https://s2-valor.glbimg.com/HaRkzQI6_WygpURZHux6M0SKLRU=/i.s3.glbimg.com/v1/AUTH_63b422c2caee4269b8b34177e8876b93/internal_photos/bs/2024/e/Q/5q0tfVTN6BDkTEtUGWGw/foto27emp-401-eletromidia-b10.jpg,Valor,0.035029497,0.92536813,0.03960237
Enauta vende 20% de Atlanta e Oliva e coloca US$ 300 milhões no caixa,https://braziljournal.com/tag/petroleo/,,,,Brazil Journal,0.035029497,0.92536813,0.03960237
"Rede social de Trump dispara na bolsa e sua fatia vale US$ 4,6 bi",https://valor.globo.com/empresas/noticia/2024/03/27/rede-social-de-trump-dispara-na-bolsa-e-sua-fatia-vale-us-46-bi.ghtml,"    O ex-presidente está mais rico, mas enfrenta sério...  ",2024-03-27 08:00:55+00:00,,Valor,0.22791119,0.3439151,0.42817372
Entenda por que a prévia da inflação decepcionou em março,https://valor.globo.com/brasil/noticia/2024/03/27/entenda-por-que-a-previa-da-inflacao-decepcionou-em-marco.ghtml,"        IPCA-15 desacelerou para 0,36%, de 0,78% em fevere...  ",2024-03-27 08:00:52+00:00,https://s2-valor.glbimg.com/4XpVtCW87GpJ8Hlx5eXL8GfOIQ4=/i.s3.glbimg.com/v1/AUTH_63b422c2caee4269b8b34177e8876b93/internal_photos/bs/2024/C/p/LTJMDwQaa8xUsIHDBkOA/arte27bra-201-infla-a2.jpg,Valor,0.51385707,0.04734627,0.43879667
Curta,https://valor.globo.com/brasil/noticia/2024/03/27/a0c717ce-curta.ghtml,"    Hospitais do Rio
A ministra da Saúde, Nísia Trinda...  ",2024-03-27 08:00:50+00:00,,Valor,0.04306617,0.9250747,0.03185912
Appy vê convergência com Estados e municípios na reforma,https://valor.globo.com/brasil/noticia/2024/03/27/appy-ve-convergencia-com-estados-e-municipios-na-reforma.ghtml,    Secretário diz que textos da regulamentação devem...  ,2024-03-27 08:00:48+00:00,,Valor,0.029317003,0.913541,0.057141915
"Sob efeito de precatórios, fevereiro tem déficit recorde",https://valor.globo.com/brasil/noticia/2024/03/27/sob-efeito-de-precatorios-fevereiro-tem-deficit-recorde.ghtml,    Governo central registrou déficit primário de R$ 5...  ,2024-03-27 08:00:44+00:00,,Valor,0.038384225,0.88344324,0.07817254
Proposta para rever dívidas de Estados baixa juro e tem meta educacional,https://valor.globo.com/brasil/noticia/2024/03/27/proposta-para-rever-dividas-de-estados-baixa-juro-e-tem-meta-educacional.ghtml,"    Ainda em aberto, proposta agrada governadores depo...  ",2024-03-27 08:00:42+00:00,,Valor,0.026212944,0.92693466,0.04685246
Estado que ampliar ensino técnico vai pagar taxas menores na dívida,https://valor.globo.com/impresso/noticia/2024/03/27/estado-que-ampliar-ensino-tecnico-vai-pagar-taxas-menores-na-divida.ghtml,    Juros reais cobrados no serviço da dívida serão re...  ,2024-03-27 08:00:40+00:00,,Valor,0.06438465,0.18470396,0.7509114
Ata do Copom mais dura e IPCA-15 levam à alta dos juros futuros,https://valor.globo.com/impresso/noticia/2024/03/27/ata-do-copom-mais-dura-e-ipca-15-levam-a-alta-dos-juros-futuros.ghtml,    Documento abriu espaço para que o mercado passasse...  ,2024-03-27 08:00:38+00:00,,Valor,0.031752482,0.8811959,0.08705166
‘Compromissos climáticos são planos de investimento’,https://valor.globo.com/impresso/noticia/2024/03/27/compromissos-climaticos-sao-planos-de-investimento.ghtml,"        Para Jennifer Morgan, secretária de Estado da Alem...  ",2024-03-27 08:00:37+00:00,https://s2-valor.glbimg.com/CaMC3oeNOuo6uc4pxq2SnWQ8D9o=/i.s3.glbimg.com/v1/AUTH_63b422c2caee4269b8b34177e8876b93/internal_photos/bs/2024/l/4/MjI4iBTcS0CzN9fQQ16g/foto27pri-801-morgan-a1.jpg,Valor,0.5293065,0.14579701,0.32489654
Nova debênture deverá excluir setor de petróleo,https://valor.globo.com/impresso/noticia/2024/03/27/nova-debenture-devera-excluir-setor-de-petroleo.ghtml,    Texto divide em 15 áreas os projetos que poderão s...  ,2024-03-27 08:00:35+00:00,,Valor,0.09478391,0.14812663,0.75708944
Estrangeiro já sacou R$ 22 bi da bolsa no ano,https://valor.globo.com/impresso/noticia/2024/03/27/estrangeiro-ja-sacou-r-22-bi-da-bolsa-no-ano.ghtml,    Movimento ocorre pela combinação de incertezas ext...  ,2024-03-27 08:00:34+00:00,,Valor,0.06439495,0.074898295,0.86070675
Câmara dá mais poder ao credor na falência,https://valor.globo.com/impresso/noticia/2024/03/27/camara-da-mais-poder-ao-credor-na-falencia.ghtml,    Texto tira dos juízes o poder de indicar o adminis...  ,2024-03-27 08:00:32+00:00,,Valor,0.8513565,0.07742857,0.071214914
Regulamentação da reforma vai ao Congresso em abril,https://valor.globo.com/impresso/noticia/2024/03/27/regulamentacao-da-reforma-vai-ao-congresso-em-abril.ghtml,    Técnicos do governo e dos Estados e municípios est...  ,2024-03-27 08:00:31+00:00,,Valor,0.14092599,0.1323048,0.72676927
"Investimentos das capitais têm forte aumento e atingem R$ 31,2 bi em ano pré-eleitoral",https://valor.globo.com/impresso/noticia/2024/03/27/investimentos-das-capitais-tem-forte-aumento-e-atingem-r-312-bi-em-ano-pre-eleitoral.ghtml,"    Com caixa cheio e operações de crédito, gastos em...  ",2024-03-27 08:00:29+00:00,,Valor,0.052395374,0.6202276,0.32737705
"Vice-presidente do Uber, Jill Hazelbaker aprendeu na política a lidar com crises",https://valor.globo.com/empresas/noticia/2024/03/27/vice-presidente-do-uber-jill-hazelbaker-aprendeu-na-politica-a-lidar-com-crises.ghtml,        Executiva de marketing e relações públicas coorden...  ,2024-03-27 08:00:27+00:00,https://s2-valor.glbimg.com/yqvOabtZ8_GG4mN2c-f5X1wPnzE=/i.s3.glbimg.com/v1/AUTH_63b422c2caee4269b8b34177e8876b93/internal_photos/bs/2024/T/r/d0vaamTuWmK2CIobo4Bg/foto27emp-101-uber-b10.jpg,Valor,0.06627606,0.08276215,0.85096174
"Brasil muda tom sobre eleição na Venezuela, e Caracas rebate",https://valor.globo.com/brasil/noticia/2024/03/27/brasil-muda-tom-sobre-eleicao-na-venezuela-e-caracas-rebate.ghtml,        Itamaraty diz estar preocupado após oposição a Mad...  ,2024-03-27 08:00:26+00:00,https://s2-valor.glbimg.com/WT2eawCjtUEfyDQMiy4WWrzsGzk=/i.s3.glbimg.com/v1/AUTH_63b422c2caee4269b8b34177e8876b93/internal_photos/bs/2024/w/7/SJyIAZRA6FDaGXS9LEYw/foto27bra-101-venez-a8.jpg,Valor,0.084201455,0.2508013,0.6649973
Lula e a versão regional do PAC,https://valor.globo.com/brasil/coluna/lula-e-a-versao-regional-do-pac.ghtml,    Presidente pretende revitalizar a interlocução com...  ,2024-03-27 08:00:25+00:00,,Valor,0.15196761,0.1315877,0.71644473
"Prefeitos de capitais miram eleição, gastam reserva e dobram investimentos",https://valor.globo.com/brasil/noticia/2024/03/27/prefeitos-de-capitais-miram-eleicao-gastam-reserva-e-dobram-investimentos.ghtml,        Dinheiro em caixa e operações de crédito ajudam a...  ,2024-03-27 08:00:22+00:00,https://s2-valor.glbimg.com/TsHjP0P_mjgY6iVKlUd6TOHaEwA=/i.s3.glbimg.com/v1/AUTH_63b422c2caee4269b8b34177e8876b93/internal_photos/bs/2024/d/S/65ZkeUSOO7JWW5vF5AXA/foto27bra-101-invest-a4.jpg,Valor,0.04403407,0.79265004,0.16331582
"Financiamento climático global está amadurecendo, defende alemã",https://valor.globo.com/brasil/noticia/2024/03/27/financiamento-climatico-global-esta-amadurecendo-defende-alema.ghtml,        Compromissos nacionais devem ser feitos com clarez...  ,2024-03-27 08:00:19+00:00,https://s2-valor.glbimg.com/mCgDFsjoqUaTgQPxh_X7K4hLKDk=/i.s3.glbimg.com/v1/AUTH_63b422c2caee4269b8b34177e8876b93/internal_photos/bs/2024/E/o/XKoK3FREm8dTDEMlu9LQ/foto27esp-101-morgan-a18.jpg,Valor,0.21779732,0.37017152,0.4120312
Saldo da PEC da imunidade a igrejas pode sair caro,https://valor.globo.com/politica/coluna/saldo-da-pec-da-imunidade-a-igrejas-pode-sair-caro.ghtml,    É difícil acreditar que o Estado não repassará a c...  ,2024-03-27 08:00:17+00:00,,Valor,0.06278817,0.26723215,0.6699797
A aprovação do governo pouco piorou,https://valor.globo.com/opiniao/coluna/a-aprovacao-do-governo-pouco-piorou.ghtml,    Oscilação se deve muito mais à natural dissipação...  ,2024-03-27 08:00:15+00:00,,Valor,0.0745476,0.35289973,0.5725527
STJ passa a adotar novos critérios para impor limites em julgamentos tributários,https://valor.globo.com/legislacao/noticia/2024/03/27/stj-passa-a-adotar-novos-criterios-para-impor-limites-em-julgamentos-tributarios.ghtml,"        Em dois casos, só o contribuinte com liminar ficar...  ",2024-03-27 08:00:12+00:00,https://s2-valor.glbimg.com/5nokzF_TbLnI4e8yUHXXC2bF118=/i.s3.glbimg.com/v1/AUTH_63b422c2caee4269b8b34177e8876b93/internal_photos/bs/2024/i/t/JhE9nyQNaQtsc1wXvv6w/foto27leg-101-abre3-e1.jpg,Valor,0.9173913,0.04692137,0.035687335
"Haddad afirma que superávit de 0,5% em 2025 depende do Congresso",https://valor.globo.com/brasil/noticia/2024/03/27/haddad-afirma-que-supervit-de-05-pontos-percentuais-em-2025-depende-do-congresso.ghtml,    O ministro não quis se comprometer a nenhum novo n...  ,2024-03-27 06:35:10+00:00,,Valor,0.24630544,0.13060468,0.6230899
"Rede D'Or São Luiz tem lucro de R$ 668,1 milhões no 4º trimestre de 2023",https://valor.globo.com/empresas/noticia/2024/03/27/rede-dor-so-luiz-tem-lucro-de-r-6681-milhes-no-4-trimestre-de-2023.ghtml,"    Ebitda totalizou R$ 1,5 bilhão no último trimestre...  ",2024-03-27 05:07:18+00:00,,Valor,0.03563745,0.91956896,0.04479366
"Câmara de São Paulo aprova reajuste de 2,16% para servidores municipais",https://valor.globo.com/politica/noticia/2024/03/27/cmara-de-so-paulo-aprova-reajuste-de-216-pontos-percentuais-para-servidores-municipais.ghtml,    A Câmara de Vereadores de São Paulo aprovou em seg...  ,2024-03-27 04:54:21+00:00,,Valor,0.04282218,0.8655968,0.09158104
Iene atinge mínima de 34 anos à medida que esperanças de aumento da taxa do BoJ desaparecem,https://valor.globo.com/financas/noticia/2024/03/27/iene-atinge-mnima-de-34-anos-medida-que-esperanas-de-aumento-da-taxa-do-boj-desaparecem.ghtml,        O iene japonês atingiu o seu nível mais fraco face...  ,2024-03-27 04:53:36+00:00,https://s2-valor.glbimg.com/wJkgyHrZ1H2JDwoLBz6UnktuueI=/i.s3.glbimg.com/v1/AUTH_63b422c2caee4269b8b34177e8876b93/internal_photos/bs/2023/b/3/49d3V3SPes7JVbPjxKeA/402857309.jpg,Valor,0.12385209,0.3451331,0.53101486
Marisa adia divulgação de resultados de 2023 e aprova emissão de R$ 140 milhões em notas comerciais,https://valor.globo.com/empresas/noticia/2024/03/26/marisa-adia-divulgacao-de-resultados-de-2023-e-aprova-emissao-de-r-140-milhoes-em-notas-comerciais.ghtml,        A rede varejista de vestuário Marisa informou ao m...  ,2024-03-27 01:48:26+00:00,https://s2-valor.glbimg.com/eGXnj6z1HELc94pJd5DDutQRJ3A=/i.s3.glbimg.com/v1/AUTH_63b422c2caee4269b8b34177e8876b93/internal_photos/bs/2024/o/D/JRIX3aTySbb8IL8e4UXg/foto05emp-101-marisa-b4.jpg,Valor,0.43013763,0.11552277,0.4543396
Blau Farmacêutica consegue decisão favorável no STF em relação a licitação de medicamento para anemia e insuficiência renal crônica,https://valor.globo.com/empresas/noticia/2024/03/26/blau-farmacutica-consegue-deciso-favorvel-no-stf-em-relao-a-licitao-de-medicamento-para-anemia-e-insuficincia-renal-crnica.ghtml,    A Blau Farmacêutica obteve no Supremo tribunal Fed...  ,2024-03-27 01:41:25+00:00,,Valor,0.061335098,0.63804746,0.3006175
Johnson & Johnson negocia compra da Shockwave Medical,https://valor.globo.com/empresas/noticia/2024/03/26/johnson-johnson-negocia-compra-da-shockwave-medical.ghtml,    A Johnson & Johnson está em conversações para adqu...  ,2024-03-27 01:40:09+00:00,,Valor,0.038032584,0.93068856,0.031278852
Aneel aprova revisão tarifária para distribuidora de energia do Amapá,https://valor.globo.com/empresas/noticia/2024/03/26/aneel-aprova-revisao-tarifaria-para-distribuidora-de-energia-do-amapa.ghtml,        A diretoria da Agência Nacional de Energia Elétric...  ,2024-03-27 01:19:11+00:00,https://s2-valor.glbimg.com/n2flYNvsLnM8BHij_9Wl4MV3KpA=/i.s3.glbimg.com/v1/AUTH_63b422c2caee4269b8b34177e8876b93/internal_photos/bs/2023/P/E/tXh9DnS96MCFwMM3r32Q/21d08b0f-e29e-401f-b7cd-129a3500d88a.jpeg,Valor,0.038339153,0.837417,0.124243915
Prejuízo da CVC cai 23% no 4º trimestre ,https://valor.globo.com/empresas/noticia/2024/03/26/prejuizo-da-cvc-cai-23percent-no-4o-trimestre.ghtml,        A redução das perdas veio com a retomada na demand...  ,2024-03-27 00:44:05+00:00,https://s2-valor.glbimg.com/RbBry8p0FEOxNrVTn5DTftGwOjs=/i.s3.glbimg.com/v1/AUTH_63b422c2caee4269b8b34177e8876b93/internal_photos/bs/2022/3/Q/Ru7jiNRRCR95UU6kdOCg/predio-cvc-tower-santo-andre-1.png,Valor,0.024771467,0.93125933,0.04396917
Principal oposição na Venezuela registra candidato provisório após ter indicada vetada,https://valor.globo.com/mundo/noticia/2024/03/26/principal-oposicao-na-venezuela-registra-candidato-provisorio-apos-ter-indicada-vetada.ghtml,        O nome do ex-embaixador Edmundo González Urrutia é...  ,2024-03-27 00:18:32+00:00,https://s2-valor.glbimg.com/LJx9xpmYWWsgoMGAnmx61j6B9qo=/i.s3.glbimg.com/v1/AUTH_63b422c2caee4269b8b34177e8876b93/internal_photos/bs/2024/R/E/FbzwjCQleH5XQ3ZOacBA/ex-embaixador-edmundo-gonzalez-urrutia-inscrito-como-candidato-da-pud-coalizao-de-oposicao-a-maduro-para-concorrer-na-eleicao-presidencial-na-venezuela-reproducao.jpeg,Valor,0.025621418,0.9234568,0.050921813
STF arquiva inquéritos contra Kassab por doações da Odebrecht,https://valor.globo.com/politica/noticia/2024/03/26/stf-arquiva-inqueritos-contra-kassab-por-doacoes-da-odebrecht.ghtml,"        Por maioria, ministros entenderam que acusação não...  ",2024-03-27 00:09:17+00:00,https://s2-valor.glbimg.com/CrFKVECHicI7SRHvbD725a0ZkLg=/i.s3.glbimg.com/v1/AUTH_63b422c2caee4269b8b34177e8876b93/internal_photos/bs/2023/Y/3/TaCgEfTLez7rC4OLF24w/kassab.jpg,Valor,0.026341371,0.940347,0.033311542
"Em Belém, Lula diz que terra indígena é insuficiente e que governo vai continuar demarcações",https://valor.globo.com/brasil/noticia/2024/03/26/em-belm-lula-diz-que-terra-indgena-insuficiente-e-que-governo-vai-continuar-demarcaes.ghtml,        A disputa em torno das demarcações é o principal p...  ,2024-03-27 00:06:10+00:00,https://s2-valor.glbimg.com/9Tz8RXo8JvSaOmlegJY7eTisH5E=/i.s3.glbimg.com/v1/AUTH_63b422c2caee4269b8b34177e8876b93/internal_photos/bs/2024/o/t/BWc6qSSA2d8J9LoMWRhA/whatsapp-image-2024-03-26-at-17.47.39.jpeg,Valor,0.026312822,0.90612996,0.067557305
Ministro de Minas e Energia acusa Ibama de fazer 'chicana processual' em licenciamento de projetos,https://valor.globo.com/brasil/noticia/2024/03/26/ministro-de-minas-e-energia-acusa-ibama-de-fazer-chicana-processual-em-licenciamento-de-projetos.ghtml,        Embate está relacionado ao licenciamento de bloco...  ,2024-03-26 23:34:09+00:00,https://s2-valor.glbimg.com/DGzRaAg8yjaLFTSH00WgYRpqKlE=/i.s3.glbimg.com/v1/AUTH_63b422c2caee4269b8b34177e8876b93/internal_photos/bs/2023/3/B/eW3yYrSBiZNNPlJyvvPg/anfavea-carros-eletricos-mcamgo-abr-14062023-10.jpg,Valor,0.024439922,0.92176014,0.05379999
CVM rejeita acordo com ex-diretores da Americanas Sergio Rial e João Guerra,https://valor.globo.com/empresas/noticia/2024/03/26/cvm-rejeita-acordo-com-ex-diretores-da-americanas-sergio-rial-e-joao-guerra.ghtml,"        No caso da diretora de RI Camille Loyo Faria, o co...  ",2024-03-26 23:25:21+00:00,https://s2-valor.glbimg.com/-TrtvsPMPpPwBtezYUDs9RpHZQ4=/i.s3.glbimg.com/v1/AUTH_63b422c2caee4269b8b34177e8876b93/internal_photos/bs/2022/1/f/58PTV8QpS13pjIJMtgJQ/sergio-20rial-8.jpg,Valor,0.8572739,0.047697403,0.09502869
